date,ticker,daily_rating,close,close_5d,rate_of_return_5d,ai_status
2022-12-01,AMZN,1.0,95.5,90.3499984741211,-0.05392671754847022,1
2022-12-05,AAPL,1.0,144.4507598876953,142.3426055908203,-0.014594276267663844,1
2022-12-05,TSLA,1.0,182.4499969482422,167.82000732421875,-0.08018629689631458,1
2022-12-06,AAPL,1.0,140.7860870361328,143.3080291748047,0.01791329094915904,1
2022-12-08,NVDA,1.0,17.15182876586914,16.93504524230957,-0.012639090940025787,1
2022-12-14,AAPL,1.0,141.0816192626953,133.43692016601562,-0.054186357773830095,1
2022-12-14,TSLA,1.0,156.8000030517578,137.57000732421875,-0.12264027648769542,1
2022-12-15,TSLA,1.0,157.6699981689453,125.3499984741211,-0.20498509589752736,1
2022-12-16,AMZN,1.0,87.86000061035156,85.25,-0.02970635775347417,1
2022-12-16,TSLA,1.0,150.22999572753906,123.1500015258789,-0.18025690588964086,1
2022-12-19,AAPL,1.0,130.4027099609375,128.0974884033203,-0.017677712052975917,1
2022-12-19,TSLA,1.0,149.8699951171875,109.0999984741211,-0.2720357507931272,1
2022-12-20,AMZN,1.0,85.19000244140625,81.81999969482422,-0.039558664749422,1
2022-12-20,TSLA,1.0,137.8000030517578,112.70999908447266,-0.18207549645598575,1
2022-12-21,GOOGL,1.0,88.90823364257812,87.78670501708984,-0.012614451772790384,1
2022-12-21,TSLA,1.0,137.57000732421875,121.81999969482422,-0.11448721953089402,1
2022-12-22,AAPL,1.0,130.26480102539062,127.99896240234375,-0.017394097294212485,1
2022-12-22,AMZN,1.0,83.79000091552734,84.0,0.0025062547103247585,1
2022-12-22,TSLA,1.0,125.3499984741211,123.18000030517578,-0.01731151332557308,1
2022-12-23,TSLA,1.0,123.1500015258789,108.0999984741211,-0.12220871185775166,1
2022-12-27,AAPL,1.0,128.0974884033203,124.48204040527344,-0.028224191146226735,1
2022-12-28,TSLA,1.0,112.70999908447266,110.33999633789062,-0.02102744003046072,1
2022-12-29,TSLA,1.0,121.81999969482422,113.05999755859375,-0.07190939220304937,1
2023-01-03,AAPL,1.0,123.21121215820312,128.78707885742188,0.045254539757788766,1
2023-01-03,TSLA,1.0,108.0999984741211,118.8499984741211,0.09944495977558711,1
2023-01-04,AAPL,1.0,124.48204040527344,131.50607299804688,0.056426072145873,1
2023-01-04,AMZN,1.0,85.13999938964844,95.08999633789062,0.11686630279036549,1
2023-01-04,MSFT,1.0,223.7503662109375,230.26461791992188,0.02911392646769193,1
2023-01-04,TSLA,1.0,113.63999938964844,123.22000122070312,0.08430131892386597,1
2023-01-05,AMZN,-1.0,83.12000274658203,95.2699966430664,0.14617412770699162,1
2023-01-05,MSFT,1.0,217.118896484375,232.9406280517578,0.07287127847262906,1
2023-01-05,TSLA,1.0,110.33999633789062,123.55999755859375,0.11981150679233249,1
2023-01-06,AAPL,1.0,127.69356536865234,132.7572021484375,0.03965459626071522,1
2023-01-06,GOOGL,1.0,86.68502807617188,91.42919921875,0.054728841275904376,1
2023-01-06,TSLA,1.0,113.05999755859375,122.4000015258789,0.08261103988123356,1
2023-01-09,GOOGL,1.0,87.35993194580078,90.60541534423828,0.03715070886789426,1
2023-01-09,MSFT,1.0,221.81658935546875,234.7376708984375,0.05825119564101795,1
2023-01-10,MSFT,1.0,223.5061798095703,230.30368041992188,0.03041303205192405,1
2023-01-10,TSLA,1.0,118.8499984741211,128.77999877929688,0.08355069779271375,1
2023-01-11,AAPL,1.0,131.50607299804688,133.25962829589844,0.013334405460328864,1
2023-01-11,AMZN,1.0,95.08999633789062,93.68000030517578,-0.014828016479300262,1
2023-01-11,MSFT,1.0,230.26461791992188,226.51426696777344,-0.01628713514923374,1
2023-01-11,NVDA,1.0,15.984996795654297,16.74823570251465,0.04774720424516111,1
2023-01-13,AMZN,1.0,98.12000274658203,97.5199966430664,-0.006115023305342559,1
2023-01-13,GOOGL,1.0,91.42919921875,99.04167175292969,0.08326084663572714,1
2023-01-13,TSLA,1.0,122.4000015258789,143.75,0.17442808993435419,1
2023-01-17,AAPL,1.0,133.9196319580078,140.4117431640625,0.04847766612807278,1
2023-01-17,TSLA,1.0,131.49000549316406,143.88999938964844,0.09430369897679432,1
2023-01-18,GOOGL,1.0,90.43669128417969,94.50594329833984,0.04499558703859835,1
2023-01-18,MSFT,1.0,230.30368041992188,234.9916229248047,0.02035548236283111,1
2023-01-18,TSLA,1.0,128.77999877929688,144.42999267578125,0.12152503529143008,1
2023-01-19,AAPL,1.0,133.25962829589844,141.8204803466797,0.06424190251958509,1
2023-01-19,MSFT,1.0,226.51426696777344,242.20901489257812,0.06928812094223454,1
2023-01-19,TSLA,1.0,127.16999816894531,160.27000427246094,0.2602815646780326,1
2023-01-20,GOOGL,1.0,97.2849349975586,98.62481689453125,0.013772758310485392,1
2023-01-20,META,1.0,138.40321350097656,150.68740844726562,0.08875657317163656,1
2023-01-20,TSLA,1.0,133.4199981689453,177.89999389648438,0.33338327340715085,1
2023-01-23,AAPL,1.0,139.0128173828125,140.87474060058594,0.013393895993389492,1
2023-01-23,INTC,1.0,29.188690185546875,26.95156478881836,-0.0766435692217616,1
2023-01-23,NVDA,1.0,19.173809051513672,19.142839431762695,-0.001615204348169498,1
2023-01-23,TSLA,1.0,143.75,166.66000366210938,0.15937393851902174,1
2023-01-24,AAPL,1.0,140.4117431640625,142.14556884765625,0.012348152971563647,1
2023-01-24,AMZN,1.0,96.31999969482422,103.12999725341797,0.07070180211970752,1
2023-01-25,AMZN,1.0,97.18000030517578,105.1500015258789,0.08201277213083775,1
2023-01-25,GOOGL,1.0,94.50594329833984,99.67687225341797,0.0547153837590335,1
2023-01-25,META,1.0,140.51844787597656,152.0578155517578,0.08211994830718632,1
2023-01-25,MSFT,1.0,234.9916229248047,246.84808349609375,0.05045482227714572,1
2023-01-25,TSLA,1.0,144.42999267578125,181.41000366210938,0.25604107776520796,1
2023-01-26,GOOGL,1.0,96.78868865966797,106.93205261230469,0.10479906374497125,1
2023-01-26,MSFT,1.0,242.20901489257812,258.42138671875,0.06693545999252838,1
2023-01-26,TSLA,1.0,160.27000427246094,188.27000427246094,0.1747051803430395,1
2023-01-27,INTC,-1.0,27.15406036376953,29.236902236938477,0.07670461968730061,1
2023-01-30,AMZN,1.0,100.55000305175781,102.18000030517578,0.016210812570328144,1
2023-01-30,GOOGL,1.0,96.21304321289062,102.12834930419922,0.06148133240333948,1
2023-01-31,AAPL,1.0,142.14556884765625,152.3516082763672,0.07179991266311794,1
2023-01-31,GOOGL,1.0,98.09880065917969,106.83280181884766,0.08903270071580306,1
2023-02-01,AMZN,1.0,105.1500015258789,100.05000305175781,-0.048502124584999765,1
2023-02-02,META,1.0,187.4605255126953,176.685791015625,-0.05747735139225682,1
2023-02-03,AAPL,1.0,152.2038116455078,148.99282836914062,-0.02109660225754246,1
2023-02-03,AMZN,1.0,103.38999938964844,97.61000061035156,-0.05590481490877712,1
2023-02-03,GOOGL,1.0,103.99424743652344,93.86082458496094,-0.09744214801638708,1
2023-02-03,META,1.0,185.23606872558594,172.94192504882812,-0.06637013925711581,1
2023-02-07,TSLA,1.0,196.80999755859375,209.25,0.0632081835055287,1
2023-02-08,GOOGL,1.0,98.62481689453125,96.21304321289062,-0.024454024428960518,1
2023-02-08,MSFT,1.0,260.501708984375,263.6899719238281,0.012238932910971261,1
2023-02-09,AMZN,1.0,98.23999786376953,98.1500015258789,-0.0009160865212499688,1
2023-02-09,INTC,1.0,27.06523895263672,27.52397346496582,0.016949213459074644,1
2023-02-10,GOOGL,1.0,93.86082458496094,93.64246368408203,-0.0023264327992478942,1
2023-02-10,META,1.0,172.94192504882812,171.68075561523438,-0.0072924447512520375,1
2023-02-10,NVDA,1.0,21.243730545043945,21.366613388061523,0.005784428622695277,1
2023-02-10,TSLA,1.0,196.88999938964844,208.30999755859375,0.05800192089159874,1
2023-02-13,META,1.0,178.185302734375,170.8862762451172,-0.040963123092922216,1
2023-02-13,MSFT,1.0,264.9844970703125,247.3880615234375,-0.06640552840419892,1
2023-02-14,AAPL,1.0,151.15354919433594,146.92086791992188,-0.028002526549820973,1
2023-02-14,AMZN,1.0,99.69999694824219,95.79000091552734,-0.03921761436707628,1
2023-02-14,NVDA,1.0,22.948028564453125,20.73324203491211,-0.09651315028305989,1
2023-02-14,TSLA,1.0,209.25,200.86000061035156,-0.04009557653356482,1
2023-02-15,AMZN,1.0,101.16000366210938,95.81999969482422,-0.05278770041489545,1
2023-02-15,INTC,-1.0,28.15839195251465,24.996063232421875,-0.11230501817808405,1
2023-02-16,NVDA,1.0,21.97999382019043,23.262710571289062,0.05835837633040425,1
2023-02-17,MSFT,1.0,252.6654052734375,244.93057250976562,-0.03061294740885143,1
2023-02-17,NVDA,1.0,21.366613388061523,23.477497100830078,0.09879355583547926,1
2023-02-21,NVDA,1.0,20.63434410095215,23.192785263061523,0.12398945901029723,1
2023-02-22,NVDA,1.0,20.73324203491211,22.67530059814453,0.0936688319155415,1
2023-02-23,INTC,-1.0,24.996063232421875,25.57192039489746,0.023037914295586097,1
2023-02-23,MSFT,1.0,249.44418334960938,245.8606719970703,-0.014365984824414925,1
2023-02-23,NVDA,1.0,23.64033317565918,23.290685653686523,-0.014790295863201462,1
2023-02-23,TSLA,1.0,202.07000732421875,190.89999389648438,-0.05527793845136172,1
2023-03-01,INTC,1.0,24.722774505615234,25.35719108581543,0.025661220995082955,1
2023-03-01,MSFT,1.0,241.12184143066406,248.3965301513672,0.030170177357388018,1
2023-03-02,TSLA,1.0,190.89999389648438,172.9199981689453,-0.0941854180324842,1
2023-03-03,AAPL,1.0,149.0125732421875,146.51637268066406,-0.016751610332011425,1
2023-03-03,TSLA,1.0,197.7899932861328,173.44000244140625,-0.12311032747496309,1
2023-03-06,AAPL,1.0,151.77517700195312,148.4600372314453,-0.021842437188955816,1
2023-03-08,AAPL,1.0,150.82797241210938,150.9463653564453,0.0007849534966395411,1
2023-03-08,GOOGL,1.0,93.543212890625,95.38926696777344,0.019734773054106324,1
2023-03-08,META,-1.0,183.68690490722656,196.37823486328125,0.0690921868516681,1
2023-03-09,NVDA,1.0,23.41653823852539,25.519790649414062,0.08981910090486202,1
2023-03-10,AAPL,1.0,146.51637268066406,152.92950439453125,0.04377075132650712,1
2023-03-14,META,1.0,192.67410278320312,200.75765991210938,0.041954559601618424,1
2023-03-15,META,1.0,196.37823486328125,198.42393493652344,0.010417142585411291,1
2023-03-16,AMZN,1.0,100.04000091552734,98.70999908447266,-0.013294700308706775,1
2023-03-16,GOOGL,1.0,99.56769561767578,104.80810546875,0.0526316273422312,1
2023-03-16,META,1.0,203.5084228515625,202.86294555664062,-0.003171747320712525,1
2023-03-16,NVDA,1.0,25.519790649414062,27.168420791625977,0.0646020245565677,1
2023-03-17,META,1.0,194.25308227539062,204.5809326171875,0.05316698309659348,1
2023-03-17,MSFT,1.0,273.5887145996094,274.7048645019531,0.004079663534284333,1
2023-03-20,AMZN,1.0,97.70999908447266,98.04000091552734,0.003377359882783265,1
2023-03-20,INTC,1.0,28.460960388183594,28.48048210144043,0.0006859119646904449,1
2023-03-20,MSFT,1.0,266.5391845703125,270.6024169921875,0.015244409291734467,1
2023-03-21,AMZN,1.0,100.61000061035156,97.23999786376953,-0.033495703470210476,1
2023-03-21,GOOGL,1.0,104.13319396972656,100.27237701416016,-0.03707575661886273,1
2023-03-21,META,1.0,200.75765991210938,199.28790283203125,-0.007321051065855105,1
2023-03-21,NVDA,1.0,26.17724609375,26.38806915283203,0.008053676017981385,1
2023-03-21,TSLA,1.0,197.5800018310547,189.19000244140625,-0.042463808644067624,1
2023-03-22,META,1.0,198.42393493652344,203.9254913330078,0.02772627404170945,1
2023-03-22,NVDA,1.0,26.446022033691406,26.961593627929688,0.019495241801638793,1
2023-03-24,META,1.0,204.5809326171875,210.4698028564453,0.028785039563179064,1
2023-03-24,MSFT,1.0,274.7048645019531,282.27325439453125,0.027550986060257097,1
2023-03-27,META,1.0,201.43292236328125,211.5919647216797,0.050433872671899964,1
2023-03-27,NVDA,1.0,26.508970260620117,27.94178009033203,0.054049999514330316,1
2023-03-27,TSLA,1.0,191.80999755859375,194.77000427246094,0.015431973054287592,1
2023-03-28,NVDA,1.0,26.38806915283203,27.430204391479492,0.039492667410097965,1
2023-03-29,NVDA,1.0,26.961593627929688,26.85868263244629,-0.0038169478000288633,1
2023-03-29,TSLA,1.0,193.8800048828125,185.52000427246094,-0.043119457395333904,1
2023-03-30,AAPL,1.0,160.19117736816406,162.46054077148438,0.014166594194539701,1
2023-03-30,GOOGL,1.0,100.13341522216797,107.60694885253906,0.07463576083757274,1
2023-03-30,INTC,-1.0,31.32071876525879,32.02346420288086,0.022437078883437427,1
2023-03-30,META,1.0,206.3982391357422,214.60093688964844,0.03974209173611976,1
2023-03-30,NVDA,1.0,27.36026382446289,27.01454734802246,-0.012635714284718394,1
2023-03-31,GOOGL,1.0,102.95211791992188,105.64180755615234,0.02612563675788157,1
2023-03-31,TSLA,1.0,207.4600067138672,184.50999450683594,-0.110623789956222,1
2023-04-03,AMZN,1.0,102.41000366210938,99.91999816894531,-0.02431408460231643,1
2023-04-03,GOOGL,1.0,103.577392578125,104.55996704101562,0.009486379589537375,1
2023-04-03,INTC,-1.0,32.101539611816406,31.57448387145996,-0.0164183944673619,1
2023-04-03,MSFT,1.0,281.22564697265625,276.9176025390625,-0.01531881775353378,1
2023-04-03,TSLA,1.0,194.77000427246094,186.7899932861328,-0.04097145767458629,1
2023-04-05,AAPL,1.0,161.572509765625,163.34848022460938,0.010991786050489498,1
2023-04-05,AMZN,1.0,101.0999984741211,102.4000015258789,0.012858586264871,1
2023-04-05,META,1.0,210.0129852294922,218.8214569091797,0.041942509745585596,1
2023-04-05,MSFT,1.0,278.3960266113281,283.78106689453125,0.019343093178270255,1
2023-04-06,AMZN,1.0,102.05999755859375,102.51000213623047,0.004409216033719443,1
2023-04-06,GOOGL,1.0,107.60694885253906,108.05357360839844,0.004150519651583231,1
2023-04-06,META,1.0,214.60093688964844,219.95355224609375,0.02494218074731762,1
2023-04-11,NVDA,1.0,27.146438598632812,27.644023895263672,0.018329671305609845,1
2023-04-12,AMZN,1.0,97.83000183105469,104.30000305175781,0.06613514361245078,1
2023-04-12,MSFT,1.0,277.5637512207031,282.4200744628906,0.017496244451336962,1
2023-04-13,META,1.0,218.8214569091797,211.5919647216797,-0.033038314841768696,1
2023-04-14,META,1.0,219.95355224609375,211.4132080078125,-0.03882794413215903,1
2023-04-14,MSFT,1.0,280.158447265625,279.786376953125,-0.0013280710117129938,1
2023-04-17,AAPL,1.0,163.02288818359375,163.12152099609375,0.0006050243226516838,1
2023-04-17,MSFT,1.0,282.7627868652344,275.8797302246094,-0.024342158729343286,1
2023-04-17,TSLA,1.0,187.0399932861328,162.5500030517578,-0.13093451194103894,1
2023-04-18,MSFT,1.0,282.3417663574219,269.66253662109375,-0.0449073826373858,1
2023-04-19,AAPL,1.0,165.39083862304688,161.572509765625,-0.0230867011087868,1
2023-04-19,AMZN,1.0,104.30000305175781,104.9800033569336,0.006519657576983368,1
2023-04-19,META,1.0,214.20372009277344,207.94740295410156,-0.02920732252438105,1
2023-04-19,MSFT,1.0,282.4200744628906,289.1954040527344,0.023990254951703205,1
2023-04-19,NVDA,1.0,27.90780258178711,26.933610916137695,-0.03490750168503702,1
2023-04-19,TSLA,1.0,180.58999633789062,153.75,-0.1486239375500733,1
2023-04-20,AMZN,1.0,103.80999755859375,109.81999969482422,0.05789425178281338,1
2023-04-20,GOOGL,1.0,104.50041961669922,106.78317260742188,0.02184443851130595,1
2023-04-20,META,1.0,211.5919647216797,236.9051513671875,0.1196320790291061,1
2023-04-20,TSLA,1.0,162.99000549316406,160.19000244140625,-0.017178986179463913,1
2023-04-21,AMZN,1.0,106.95999908447266,105.44999694824219,-0.014117447168617967,1
2023-04-21,META,1.0,211.4132080078125,238.6529541015625,0.12884599950227987,1
2023-04-21,TSLA,1.0,165.0800018310547,164.30999755859375,-0.004664430966320023,1
2023-04-24,AMZN,1.0,106.20999908447266,102.05000305175781,-0.03916764964291402,1
2023-04-24,TSLA,1.0,162.5500030517578,161.8300018310547,-0.004429413763061378,1
2023-04-26,GOOGL,1.0,102.93226623535156,104.61952209472656,0.01639190431809924,1
2023-04-26,MSFT,1.0,289.1954040527344,298.0366516113281,0.03057188127713662,1
2023-04-27,META,1.0,236.9051513671875,231.90013122558594,-0.021126683454190106,1
2023-04-28,AMZN,1.0,105.44999694824219,105.66000366210938,0.0019915288757216816,1
2023-04-28,INTC,1.0,30.315410614013672,30.37095069885254,0.0018320743052443796,1
2023-05-01,AMZN,1.0,102.05000305175781,105.83000183105469,0.03704065327053182,1
2023-05-02,AAPL,1.0,166.28863525390625,169.47552490234375,0.01916480728566589,1
2023-05-05,AAPL,1.0,171.25148010253906,170.50035095214844,-0.004386117713790717,1
2023-05-10,AAPL,1.0,171.2416229248047,170.61888122558594,-0.0036366257722995725,1
2023-05-10,INTC,-1.0,29.371326446533203,28.293302536010742,-0.036703276322397886,1
2023-05-10,NVDA,1.0,28.861013412475586,30.152938842773438,0.04476368905810488,1
2023-05-11,GOOGL,1.0,115.69583129882812,121.9089126586914,0.053701860214960165,1
2023-05-11,MSFT,1.0,303.6273193359375,312.5432434082031,0.029364696469888214,1
2023-05-12,TSLA,1.0,167.97999572753906,180.13999938964844,0.07238959382897421,1
2023-05-15,META,1.0,237.2030792236328,246.5974578857422,0.03960479220108456,1
2023-05-17,TSLA,1.0,173.86000061035156,182.89999389648438,0.05199581993786427,1
2023-05-18,NVDA,1.0,31.651697158813477,37.94845962524414,0.19893917330361283,1
2023-05-18,TSLA,1.0,176.88999938964844,184.47000122070312,0.04285150012555355,1
2023-05-19,MSFT,1.0,312.3666687011719,326.64361572265625,0.04570573128320081,1
2023-05-22,NVDA,1.0,31.150110244750977,40.077693939208984,0.28659878325671,1
2023-05-23,AAPL,1.0,169.50245666503906,175.1242218017578,0.03316627527014642,1
2023-05-23,GOOGL,1.0,121.64090728759766,121.94860076904297,0.0025295230716902463,1
2023-05-23,MSFT,1.0,309.3444519042969,322.22802734375,0.0416479925860735,1
2023-05-24,GOOGL,1.0,119.99336242675781,122.79222106933594,0.023325112205989786,1
2023-05-24,MSFT,1.0,307.9609069824219,326.3394775390625,0.05967825831117472,1
2023-05-25,MSFT,1.0,319.8044128417969,329.10650634765625,0.02908682035748206,1
2023-05-25,NVDA,1.0,37.94845962524414,39.294342041015625,0.03546606183920504,1
2023-05-26,MSFT,1.0,326.64361572265625,329.6364440917969,0.009162366031613335,1
2023-05-26,TSLA,1.0,193.1699981689453,217.61000061035156,0.12652069510313488,1
2023-05-30,MSFT,1.0,324.9951477050781,327.4187927246094,0.007457480632082003,1
2023-05-31,AAPL,1.0,175.1242218017578,175.68739318847656,0.0032158394819664926,1
2023-05-31,AMZN,1.0,120.58000183105469,121.2300033569336,0.005390624614433387,1
2023-05-31,MSFT,1.0,322.22802734375,317.3120422363281,-0.015256230651151725,1
2023-05-31,NVDA,1.0,37.80258560180664,37.44775390625,-0.009386439840233645,1
2023-06-02,AAPL,1.0,178.7798309326172,178.7897491455078,5.547724728726929e-05,1
2023-06-02,MSFT,1.0,329.10650634765625,320.6580810546875,-0.025670793892005703,1
2023-06-05,AAPL,1.0,177.42626953125,181.58578491210938,0.023443627552157724,1
2023-06-05,GOOGL,1.0,125.06504821777344,122.71281433105469,-0.018808083635188377,1
2023-06-05,META,1.0,269.5074462890625,269.16973876953125,-0.0012530545043606658,1
2023-06-06,AAPL,1.0,177.06072998046875,181.1115264892578,0.022878006372366692,1
2023-06-06,TSLA,1.0,221.30999755859375,258.7099914550781,0.16899369350262813,1
2023-06-07,AMZN,1.0,121.2300033569336,126.41999816894531,0.04281114137010278,1
2023-06-08,AMZN,1.0,124.25,127.11000061035156,0.023018113564197685,1
2023-06-09,MSFT,1.0,320.6580810546875,335.906494140625,0.04755349697030376,1
2023-06-09,TSLA,1.0,244.39999389648438,260.5400085449219,0.06603934145462215,1
2023-06-12,AMZN,1.0,126.56999969482422,125.77999877929688,-0.006241612684144211,1
2023-06-15,MSFT,1.0,341.5682373046875,328.733642578125,-0.03757549246335138,1
2023-06-15,TSLA,1.0,255.89999389648438,256.6000061035156,0.0027354913002241655,1
2023-06-20,NVDA,1.0,43.77614974975586,41.845550537109375,-0.044101622086059576,1
2023-06-21,AMZN,1.0,124.83000183105469,129.0399932861328,0.03372579823219053,1
2023-06-22,AMZN,1.0,130.14999389648438,127.9000015258789,-0.017287687100431326,1
2023-06-22,INTC,1.0,32.05659103393555,32.25259780883789,0.006114398586388936,1
2023-06-22,MSFT,1.0,333.3356628417969,328.7630920410156,-0.013717616536432286,1
2023-06-22,NVDA,1.0,42.993717193603516,40.79232406616211,-0.05120267032339607,1
2023-06-23,META,1.0,286.72711181640625,284.9892883300781,-0.006060896980822894,1
2023-06-23,TSLA,-1.0,256.6000061035156,261.7699890136719,0.02014802333274542,1
2023-06-26,AMZN,1.0,127.33000183105469,130.22000122070312,0.0226969241191324,1
2023-06-26,TSLA,1.0,241.0500030517578,279.82000732421875,0.1608380161029756,1
2023-06-27,META,1.0,285.0587463378906,292.3280029296875,0.02550090704173784,1
2023-06-28,AMZN,1.0,129.0399932861328,128.36000061035156,-0.005269627333856386,1
2023-06-30,AAPL,1.0,191.6436767578125,186.34799194335938,-0.027632974403561907,1
2023-06-30,NVDA,1.0,42.27124786376953,42.149330139160156,-0.0028841761426652854,1
2023-07-03,TSLA,1.0,279.82000732421875,269.7900085449219,-0.0358444661452511,1
2023-07-05,GOOGL,1.0,120.83698272705078,118.03813934326172,-0.023162142256656235,1
2023-07-05,META,1.0,292.3280029296875,307.19415283203125,0.05085434769627406,1
2023-07-05,MSFT,1.0,331.80487060546875,330.87274169921875,-0.002809268304437713,1
2023-07-06,META,1.0,289.96453857421875,311.2359313964844,0.07335860076842135,1
2023-07-06,MSFT,1.0,334.86639404296875,336.2303161621094,0.0040730337334644925,1
2023-07-06,TSLA,1.0,276.5400085449219,277.8999938964844,0.004917861103419979,1
2023-07-07,META,1.0,288.5146789550781,306.7273864746094,0.06312575701691413,1
2023-07-07,NVDA,1.0,42.47209930419922,45.435951232910156,0.06978350440092095,1
2023-07-07,TSLA,1.0,274.42999267578125,281.3800048828125,0.02532526470327234,1
2023-07-10,AAPL,1.0,186.34799194335938,191.66346740722656,0.028524457969382522,1
2023-07-10,AMZN,1.0,127.12999725341797,133.55999755859375,0.05057815184529871,1
2023-07-10,GOOGL,1.0,115.57672882080078,123.71524810791016,0.07041659138603908,1
2023-07-10,MSFT,1.0,325.6034851074219,339.2427062988281,0.04188905160799016,1
2023-07-11,AAPL,1.0,185.82432556152344,191.40655517578125,0.03004035987963065,1
2023-07-11,AMZN,1.0,128.77999877929688,132.8300018310547,0.03144900675685443,1
2023-07-11,NVDA,1.0,42.374168395996094,47.459468841552734,0.12000944533078194,1
2023-07-12,AMZN,1.0,130.8000030517578,135.36000061035156,0.03486236584252487,1
2023-07-12,META,1.0,307.19415283203125,313.8178405761719,0.02156189394582113,1
2023-07-12,MSFT,1.0,330.87274169921875,348.4172668457031,0.05302499400942885,1
2023-07-12,TSLA,1.0,271.989990234375,291.260009765625,0.07084826730073757,1
2023-07-13,AMZN,1.0,134.3000030517578,129.9600067138672,-0.03231568309211457,1
2023-07-13,GOOGL,1.0,123.60607147216797,118.30610656738281,-0.04287786871358123,1
2023-07-13,META,1.0,311.2359313964844,300.4214172363281,-0.03474699759642986,1
2023-07-13,MSFT,1.0,336.2303161621094,340.3612976074219,0.01228616590099745,1
2023-07-14,AMZN,1.0,134.67999267578125,130.0,-0.03474898225638846,1
2023-07-14,GOOGL,1.0,124.4794692993164,119.11996459960938,-0.04305533056876925,1
2023-07-14,NVDA,1.0,45.435951232910156,44.27678680419922,-0.025512053720828272,1
2023-07-17,GOOGL,1.0,123.71524810791016,120.61864471435547,-0.025030086759020093,1
2023-07-17,META,1.0,308.4652404785156,289.5871276855469,-0.06120012991960952,1
2023-07-17,TSLA,1.0,290.3800048828125,269.05999755859375,-0.07342105849479126,1
2023-07-18,AMZN,1.0,132.8300018310547,129.1300048828125,-0.0278551298444472,1
2023-07-18,GOOGL,1.0,122.8319091796875,121.29354095458984,-0.012524174177307777,1
2023-07-18,MSFT,1.0,352.7444763183594,344.3941345214844,-0.023672494843940912,1
2023-07-18,NVDA,1.0,47.459468841552734,45.645790100097656,-0.03821531900220356,1
2023-07-19,AMZN,1.0,135.36000061035156,128.14999389648438,-0.053265415790163695,1
2023-07-19,META,1.0,313.8178405761719,296.49884033203125,-0.05518806774128205,1
2023-07-19,MSFT,1.0,348.4172668457031,331.4320373535156,-0.04874967778135239,1
2023-07-19,TSLA,1.0,291.260009765625,264.3500061035156,-0.09239168701451214,1
2023-07-20,AAPL,1.0,190.8137664794922,190.90269470214844,0.00046604720559199073,1
2023-07-20,GOOGL,1.0,118.30610656738281,128.4296112060547,0.08557043192783881,1
2023-07-20,INTC,-1.0,32.70341110229492,33.859840393066406,0.0353611214180142,1
2023-07-20,MSFT,1.0,340.3612976074219,324.51434326171875,-0.04655921356834541,1
2023-07-20,NVDA,1.0,45.486907958984375,45.86663055419922,0.008347953559675683,1
2023-07-20,TSLA,1.0,262.8999938964844,255.7100067138672,-0.027348753706887535,1
2023-07-21,GOOGL,1.0,119.11996459960938,131.5857696533203,0.10464916687653059,1
2023-07-21,META,1.0,292.21875,323.22222900390625,0.1060968161827612,1
2023-07-21,MSFT,1.0,337.3194580078125,332.02081298828125,-0.015708091821398963,1
2023-07-24,AAPL,1.0,190.4383087158203,194.0939483642578,0.019195925825473446,1
2023-07-24,MSFT,1.0,338.6343078613281,329.6167907714844,-0.02662907118535802,1
2023-07-24,NVDA,1.0,44.579566955566406,46.695030212402344,0.04745365200484055,1
2023-07-25,AAPL,1.0,191.29786682128906,193.26402282714844,0.010277981864252375,1
2023-07-26,GOOGL,1.0,128.30059814453125,127.4172592163086,-0.006884916680026469,1
2023-07-26,MSFT,1.0,331.4320373535156,321.35467529296875,-0.03040551583671451,1
2023-07-27,META,1.0,309.5476989746094,311.0174560546875,0.004748079488061973,1
2023-07-27,MSFT,1.0,324.51434326171875,320.5304870605469,-0.012276364000215917,1
2023-07-28,INTC,1.0,36.094295501708984,34.561946868896484,-0.04245403910820054,1
2023-07-28,MSFT,1.0,332.02081298828125,321.6295166015625,-0.031297123494139246,1
2023-07-31,AAPL,1.0,194.0939483642578,176.70501708984375,-0.0895902804850984,1
2023-07-31,AMZN,1.0,133.67999267578125,142.22000122070312,0.06388396927604759,1
2023-07-31,MSFT,1.0,329.6167907714844,323.9157409667969,-0.017295993299807064,1
2023-08-01,AAPL,1.0,193.26402282714844,177.64361572265625,-0.08082418484304642,1
2023-08-01,META,1.0,320.47137451171875,310.4712829589844,-0.031204320722781745,1
2023-08-02,AAPL,1.0,190.27035522460938,176.05294799804688,-0.0747221352994228,1
2023-08-02,META,-1.0,312.1296691894531,303.09283447265625,-0.02895218112479975,1
2023-08-02,MSFT,1.0,321.35467529296875,316.18359375,-0.016091508667967692,1
2023-08-04,AAPL,1.0,179.807373046875,175.89492797851562,-0.021759091421347986,1
2023-08-04,AMZN,1.0,139.57000732421875,138.41000366210938,-0.008311267473209386,1
2023-08-04,INTC,1.0,34.561946868896484,34.316062927246094,-0.00711429661596032,1
2023-08-09,AMZN,1.0,137.85000610351562,135.07000732421875,-0.020166838274996463,1
2023-08-11,GOOGL,1.0,128.5884246826172,126.50416564941406,-0.016208760923446315,1
2023-08-14,NVDA,1.0,43.721195220947266,46.93285369873047,0.07345770081428298,1
2023-08-15,AAPL,1.0,175.5585479736328,175.34091186523438,-0.0012396782208014406,1
2023-08-15,NVDA,1.0,43.90806198120117,45.634796142578125,0.03932613017892337,1
2023-08-16,NVDA,1.0,43.45438003540039,47.08175277709961,0.08347542270178877,1
2023-08-17,AAPL,1.0,172.14532470703125,174.4999542236328,0.013678149671557057,1
2023-08-17,NVDA,1.0,43.3124885559082,47.12871170043945,0.08810907135029265,1
2023-08-18,META,1.0,281.2851257324219,283.51953125,0.00794356086821188,1
2023-08-21,NVDA,1.0,46.93285369873047,46.80094909667969,-0.002810496095070163,1
2023-08-22,AMZN,1.0,134.25,134.91000366210938,0.004916228395600558,1
2023-08-22,TSLA,1.0,233.19000244140625,257.17999267578125,0.10287743892623774,1
2023-08-24,AMZN,1.0,131.83999633789062,138.00999450683594,0.04679913789691197,1
2023-08-24,NVDA,1.0,47.12871170043945,49.31911849975586,0.046477120215785185,1
2023-08-29,GOOGL,1.0,133.56085205078125,133.45167541503906,-0.0008174299135249405,1
2023-08-30,AAPL,1.0,185.6498565673828,175.66737365722656,-0.05377048544356426,1
2023-08-30,GOOGL,1.0,134.86102294921875,134.24566650390625,-0.004562893205579565,1
2023-08-31,GOOGL,1.0,135.1488494873047,135.35728454589844,0.0015422629151817494,1
2023-09-07,AAPL,1.0,175.66737365722656,173.86679077148438,-0.010249956199923613,1
2023-09-07,META,1.0,296.5981750488281,309.55767822265625,0.04369380617967268,1
2023-09-08,AAPL,1.0,176.28077697753906,173.1445770263672,-0.017790935602532976,1
2023-09-12,TSLA,1.0,267.4800109863281,266.5,-0.0036638662557039333,1
2023-09-13,AAPL,1.0,172.3531036376953,173.61947631835938,0.007347547876631879,1
2023-09-13,GOOGL,1.0,135.684814453125,132.73707580566406,-0.021724897213750417,1
2023-09-14,AAPL,1.0,173.86679077148438,172.07606506347656,-0.010299411981218363,1
2023-09-18,AAPL,1.0,176.07301330566406,174.20315551757812,-0.010619786377142592,1
2023-09-19,AAPL,1.0,177.16131591796875,170.1270751953125,-0.039705286033850214,1
2023-09-19,MSFT,1.0,323.16595458984375,306.9315185546875,-0.05023560125868053,1
2023-09-20,AMZN,1.0,135.2899932861328,125.9800033569336,-0.0688150668284015,1
2023-09-21,AAPL,1.0,172.07606506347656,168.87060546875,-0.01862815490082314,1
2023-09-21,MSFT,1.0,314.1981506347656,308.40643310546875,-0.01843332787795228,1
2023-09-21,TSLA,1.0,255.6999969482422,246.3800048828125,-0.03644893303348848,1
2023-09-22,AMZN,1.0,129.1199951171875,127.12000274658203,-0.015489408660450333,1
2023-09-22,META,1.0,297.0052795410156,298.12750244140625,0.0037784611173406735,1
2023-09-22,MSFT,1.0,311.72021484375,310.4812316894531,-0.003974664122818971,1
2023-09-25,AAPL,1.0,174.20315551757812,171.8979949951172,-0.013232599120331855,1
2023-09-26,AMZN,1.0,125.9800033569336,124.72000122070312,-0.01000160424397323,1
2023-09-27,AMZN,1.0,125.9800033569336,127.0,0.008096496395356449,1
2023-09-27,META,1.0,295.67462158203125,303.460205078125,0.026331591985934905,1
2023-09-27,TSLA,1.0,240.5,261.1600036621094,0.08590438113143191,1
2023-09-28,AAPL,1.0,168.87060546875,173.04562377929688,0.024723179614106815,1
2023-09-28,AMZN,1.0,125.9800033569336,125.95999908447266,-0.00015878926756542685,1
2023-09-28,META,1.0,301.8514099121094,302.6757507324219,0.002730949047256479,1
2023-09-28,TSLA,1.0,246.3800048828125,260.04998779296875,0.05548332916325009,1
2023-09-29,TSLA,1.0,250.22000122070312,260.5299987792969,0.041203730750124797,1
2023-10-02,AMZN,1.0,129.4600067138672,128.25999450683594,-0.00926936617331961,1
2023-10-02,MSFT,1.0,316.43023681640625,324.31640625,0.024922300450602414,1
2023-10-02,TSLA,1.0,251.60000610351562,259.6700134277344,0.03207475011307636,1
2023-10-03,GOOGL,1.0,131.43690490722656,137.02467346191406,0.042512934693886555,1
2023-10-03,NVDA,1.0,43.48894500732422,45.76847457885742,0.052416299617047385,1
2023-10-04,GOOGL,1.0,134.225830078125,139.49600219726562,0.03926347198652574,1
2023-10-04,INTC,1.0,35.33895492553711,36.2733268737793,0.026440282408209507,1
2023-10-04,META,1.0,303.460205078125,325.5459289550781,0.07277963801305419,1
2023-10-05,INTC,1.0,35.29961013793945,36.23398208618164,0.02646975262873908,1
2023-10-10,INTC,-1.0,35.83073043823242,35.46681594848633,-0.010156490958883341,1
2023-10-11,AMZN,1.0,131.8300018310547,128.1300048828125,-0.02806642567587823,1
2023-10-12,AMZN,1.0,132.3300018310547,128.39999389648438,-0.029698540619592387,1
2023-10-13,GOOGL,1.0,136.3299102783203,134.58311462402344,-0.01281300376953785,1
2023-10-13,NVDA,1.0,45.43169403076172,41.360321044921875,-0.08961525808575671,1
2023-10-16,AMZN,1.0,132.5500030517578,126.55999755859375,-0.04519053455491132,1
2023-10-16,MSFT,1.0,327.08935546875,323.82476806640625,-0.009980720398758582,1
2023-10-16,TSLA,1.0,253.9199981689453,212.0800018310547,-0.16477629426435503,1
2023-10-17,AMZN,1.0,131.47000122070312,128.55999755859375,-0.022134354872517675,1
2023-10-17,META,1.0,321.7524719238281,310.3818664550781,-0.03533960563150509,1
2023-10-17,MSFT,1.0,326.51904296875,325.01458740234375,-0.004607558422098634,1
2023-10-18,AMZN,1.0,128.1300048828125,121.38999938964844,-0.05260286612279817,1
2023-10-18,NVDA,1.0,42.16879653930664,41.75206756591797,-0.009882401386537742,1
2023-10-19,AMZN,1.0,128.39999389648438,119.56999969482422,-0.0687694285155408,1
2023-10-19,MSFT,1.0,325.7913818359375,322.4186706542969,-0.0103523646409378,1
2023-10-19,TSLA,1.0,220.11000061035156,205.75999450683594,-0.06519470293818516,1
2023-10-20,NVDA,1.0,41.360321044921875,40.47389221191406,-0.021431865387240415,1
2023-10-20,TSLA,-1.0,211.99000549316406,207.3000030517578,-0.02212369602281786,1
2023-10-23,GOOGL,1.0,135.47637939453125,123.52667236328125,-0.08820509585992355,1
2023-10-23,META,1.0,311.831787109375,300.5605163574219,-0.03614535534185207,1
2023-10-24,AMZN,1.0,128.55999755859375,133.08999633789062,0.03523645663754963,1
2023-10-24,META,1.0,310.3818664550781,299.18011474609375,-0.036090226007470756,1
2023-10-25,AAPL,1.0,169.2762451171875,172.1156768798828,0.016773952900063532,1
2023-10-25,GOOGL,1.0,124.66802978515625,125.50173950195312,0.00668743797614857,1
2023-10-25,INTC,1.0,32.28995132446289,36.676578521728516,0.13585115546279294,1
2023-10-25,MSFT,1.0,334.98541259765625,340.2952880859375,0.015851064818332334,1
2023-10-26,GOOGL,1.0,121.3630142211914,126.533935546875,0.04260706079909385,1
2023-10-26,META,1.0,286.34979248046875,308.7135314941406,0.07809937216978166,1
2023-10-26,MSFT,1.0,322.4186706542969,342.5077209472656,0.06230734173117596,1
2023-10-27,AAPL,1.0,166.42694091796875,174.76707458496094,0.05011288209102521,1
2023-10-27,AMZN,1.0,127.73999786376953,138.60000610351562,0.08501650556881904,1
2023-10-27,INTC,1.0,34.95537185668945,37.51259994506836,0.07315694133831754,1
2023-10-27,META,1.0,294.6716003417969,312.41766357421875,0.06022318815874274,1
2023-10-30,AAPL,1.0,168.474853515625,177.31956481933594,0.05249870303576578,1
2023-10-30,AMZN,1.0,132.7100067138672,139.74000549316406,0.052972635247122576,1
2023-10-30,MSFT,1.0,331.6814270019531,350.58074951171875,0.056980346112820886,1
2023-10-31,AAPL,1.0,168.9497528076172,179.88198852539062,0.06470702404768805,1
2023-11-03,AAPL,1.0,174.76707458496094,184.65609741210938,0.056584015328018815,1
2023-11-06,AAPL,1.0,177.31956481933594,183.0710906982422,0.03243593500111653,1
2023-11-06,AMZN,1.0,139.74000549316406,142.58999633789062,0.02039495300339015,1
2023-11-07,TSLA,1.0,222.17999267578125,237.41000366210938,0.06854807583215963,1
2023-11-09,NVDA,1.0,46.91973114013672,49.44810485839844,0.05388721667458283,1
2023-11-09,TSLA,-1.0,209.97999572753906,233.58999633789062,0.11243928512593589,1
2023-11-10,AMZN,1.0,143.55999755859375,145.17999267578125,0.011284446536203805,1
2023-11-14,META,1.0,333.9770812988281,334.6424560546875,0.0019922766953700834,1
2023-11-14,MSFT,1.0,364.0914306640625,367.58929443359375,0.009607102708106954,1
2023-11-16,AAPL,1.0,187.93515014648438,188.19271850585938,0.0013705172192335529,1
2023-11-16,INTC,1.0,42.777095794677734,43.3790283203125,0.014071374282254506,1
2023-11-16,MSFT,1.0,370.6437683105469,371.88525390625,0.003349538564649322,1
2023-11-17,TSLA,-1.0,234.3000030517578,236.0800018310547,0.007597092428990136,1
2023-11-20,MSFT,1.0,371.89508056640625,377.0778503417969,0.013936107376029622,1
2023-11-21,GOOGL,1.0,135.94287109375,133.9777069091797,-0.014455809037717619,1
2023-11-22,META,1.0,339.12115478515625,324.8806457519531,-0.041992393668937956,1
2023-11-22,NVDA,1.0,48.68459701538086,46.73985290527344,-0.039945778117317504,1
2023-11-24,AAPL,1.0,188.19271850585938,189.45082092285156,0.006685181164185247,1
2023-11-24,MSFT,1.0,371.88525390625,369.0081787109375,-0.007736459472624835,1
2023-11-27,AMZN,1.0,147.72999572753906,144.83999633789062,-0.019562712199481223,1
2023-11-27,NVDA,1.0,48.210899353027344,45.48066329956055,-0.056631095667277885,1
2023-11-28,META,1.0,336.63848876953125,316.0820617675781,-0.06106380490564293,1
2023-11-28,MSFT,1.0,377.0778503417969,367.0473937988281,-0.026600492534570207,1
2023-11-28,TSLA,1.0,246.72000122070312,238.72000122070312,-0.03242542137004777,1
2023-11-29,AMZN,1.0,146.32000732421875,144.52000427246094,-0.012301824505580638,1
2023-12-01,AMZN,1.0,147.02999877929688,147.4199981689453,0.0026525157647172126,1
2023-12-05,INTC,1.0,41.365989685058594,43.457977294921875,0.05057264737990562,1
2023-12-05,MSFT,1.0,367.0473937988281,368.8800048828125,0.004992845923839457,1
2023-12-07,AMZN,1.0,146.8800048828125,147.4199981689453,0.003676424756137798,1
2023-12-07,GOOGL,1.0,135.90316772460938,130.95059204101562,-0.03644194441169701,1
2023-12-08,AAPL,1.0,193.8790283203125,195.72161865234375,0.009503814558978805,1
2023-12-12,INTC,1.0,43.457977294921875,46.04335021972656,0.059491331298265275,1
2023-12-13,GOOGL,1.0,131.57586669921875,137.3025665283203,0.043523937730866304,1
2023-12-13,MSFT,1.0,368.87017822265625,365.17529296875,-0.010016763273489555,1
2023-12-14,AMZN,1.0,147.4199981689453,153.83999633789062,0.04354903166928484,1
2023-12-14,MSFT,1.0,360.5542297363281,368.0523986816406,0.020796230710691928,1
2023-12-15,MSFT,1.0,365.2836608886719,369.07708740234375,0.01038487871163776,1
2023-12-15,TSLA,1.0,253.5,252.5399932861328,-0.0037870087332038953,1
2023-12-19,AMZN,1.0,153.7899932861328,153.33999633789062,-0.0029260482988964637,1
2023-12-20,AAPL,1.0,193.00726318359375,191.76895141601562,-0.00641588169871208,1
2023-12-20,AMZN,1.0,152.1199951171875,153.3800048828125,0.0082829989880971,1
2023-12-21,AMZN,1.0,153.83999633789062,151.94000244140625,-0.012350454639320663,1
2023-12-21,GOOGL,1.0,139.3669891357422,138.6424560546875,-0.005198742439280215,1
2023-12-21,META,1.0,351.63372802734375,351.5046081542969,-0.0003671999093239269,1
2023-12-22,TSLA,1.0,252.5399932861328,248.4199981689453,-0.01631422834687203,1
2023-12-27,META,1.0,355.3477783203125,344.7120666503906,-0.029930429620794716,1
2023-12-27,TSLA,1.0,261.44000244140625,237.92999267578125,-0.08992506711322437,1
2023-12-28,MSFT,1.0,369.76690673828125,362.3474426269531,-0.020065246446133635,1
2024-01-02,MSFT,1.0,365.42156982421875,370.26934814453125,0.013266262094611602,1
2024-01-02,TSLA,1.0,248.4199981689453,234.9600067138672,-0.05418239897870164,1
2024-01-05,INTC,1.0,46.27030944824219,46.49726867675781,0.004905072631284233,1
2024-01-05,NVDA,1.0,49.06966018676758,54.679534912109375,0.11432471111455933,1
2024-01-08,META,1.0,356.1720275878906,364.9109802246094,0.024535763507038143,1
2024-01-09,AMZN,1.0,151.3699951171875,151.7100067138672,0.0022462284973746457,1
2024-01-09,GOOGL,1.0,139.89300537109375,140.4091033935547,0.0036892339334042173,1
2024-01-09,META,1.0,354.9505615234375,365.8146667480469,0.030607375793352605,1
2024-01-09,MSFT,1.0,370.26934814453125,383.7483825683594,0.03640332231488605,1
2024-01-10,AMZN,1.0,153.72999572753906,153.5,-0.0014961018274318554,1
2024-01-11,AMZN,1.0,155.17999267578125,155.33999633789062,0.001031084351470952,1
2024-01-12,AMZN,1.0,154.6199951171875,154.77999877929688,0.0010348186985008451,1
2024-01-12,GOOGL,1.0,141.58023071289062,144.89523315429688,0.02341430314609895,1
2024-01-12,MSFT,1.0,382.7630615234375,390.6849670410156,0.020696630145155864,1
2024-01-16,MSFT,1.0,384.5365905761719,393.0398254394531,0.022112940801135194,1
2024-01-16,NVDA,1.0,56.350608825683594,59.839664459228516,0.06191691103707602,1
2024-01-16,TSLA,1.0,219.91000366210938,209.13999938964844,-0.04897459912287117,1
2024-01-17,META,1.0,365.8146667480469,387.98980712890625,0.06061851094705396,1
2024-01-17,NVDA,1.0,56.021793365478516,61.32783126831055,0.09471381732134432,1
2024-01-18,AAPL,1.0,186.86524963378906,192.35342407226562,0.029369689919511863,1
2024-01-18,META,1.0,373.52081298828125,390.4525146484375,0.045330008586931037,1
2024-01-18,MSFT,1.0,388.0837097167969,398.9221496582031,0.02792809816551067,1
2024-01-19,AMZN,1.0,155.33999633789062,159.1199951171875,0.02433371229824637,1
2024-01-19,GOOGL,1.0,145.28228759765625,151.04872131347656,0.039691237047353174,1
2024-01-19,INTC,1.0,47.51365661621094,43.07312774658203,-0.09345794842727102,1
2024-01-19,META,1.0,380.79010009765625,391.4059143066406,0.02787838813630364,1
2024-01-19,MSFT,1.0,392.8132019042969,397.99591064453125,0.013193825245967841,1
2024-01-19,NVDA,1.0,59.45787811279297,60.99701690673828,0.025886204533325772,1
2024-01-22,AMZN,1.0,154.77999877929688,161.25999450683594,0.04186584687068635,1
2024-01-22,META,1.0,379.1316223144531,398.2381591796875,0.050395524247216036,1
2024-01-23,META,1.0,382.5279235839844,397.2848205566406,0.03857730655162579,1
2024-01-23,MSFT,1.0,393.0398254394531,402.58746337890625,0.024291782464481874,1
2024-01-23,NVDA,1.0,59.839664459228516,62.739044189453125,0.04845247306157755,1
2024-01-24,AMZN,1.0,156.8699951171875,155.1999969482422,-0.010645746292640375,1
2024-01-24,GOOGL,1.0,147.58486938476562,139.04940795898438,-0.05783425808731527,1
2024-01-24,META,1.0,387.98980712890625,387.43365478515625,-0.001433419985606022,1
2024-01-24,MSFT,1.0,396.6460876464844,391.73919677734375,-0.012370954919172053,1
2024-01-25,AAPL,1.0,192.35342407226562,185.11183166503906,-0.03764732778817576,1
2024-01-25,AMZN,1.0,157.75,159.27999877929688,0.009698882911549129,1
2024-01-25,META,1.0,390.4525146484375,392.04150390625,0.004069609486939077,1
2024-01-25,MSFT,1.0,398.9221496582031,397.84814453125,-0.002692267470917154,1
2024-01-25,TSLA,1.0,182.6300048828125,188.86000061035156,0.034112662547080584,1
2024-01-26,INTC,1.0,43.07312774658203,42.03700256347656,-0.024055025425630674,1
2024-01-26,TSLA,1.0,183.25,187.91000366210938,0.025429760775494543,1
2024-01-29,GOOGL,1.0,152.35882568359375,142.60252380371094,-0.06403502938611444,1
2024-01-29,META,1.0,398.2381591796875,456.2231750488281,0.14560386676299755,1
2024-01-29,MSFT,1.0,403.7008361816406,399.6907043457031,-0.009933424646495373,1
2024-01-29,NVDA,1.0,62.43021774291992,69.29339599609375,0.1099335946806331,1
2024-01-30,META,1.0,397.2848205566406,451.5657043457031,0.136629644477755,1
2024-01-30,TSLA,1.0,191.58999633789062,185.10000610351562,-0.03387436900895999,1
2024-01-31,GOOGL,1.0,139.04940795898438,144.44859313964844,0.03882925688009163,1
2024-01-31,MSFT,1.0,391.73919677734375,407.9672546386719,0.04142566788013253,1
2024-01-31,TSLA,1.0,187.2899932861328,187.5800018310547,0.001548446555170802,1
2024-02-01,GOOGL,1.0,140.10145568847656,144.81582641601562,0.03364969124961649,1
2024-02-01,MSFT,1.0,397.84814453125,408.0263671875,0.025583184931632943,1
2024-02-02,AAPL,1.0,184.1112518310547,187.32192993164062,0.01743879349390411,1
2024-02-02,AMZN,1.0,171.80999755859375,174.4499969482422,0.015365807736235472,1
2024-02-02,META,1.0,471.6950378417969,464.8627624511719,-0.014484518263930723,1
2024-02-02,NVDA,1.0,66.12316131591797,72.09284973144531,0.0902813522028362,1
2024-02-05,AMZN,1.0,170.30999755859375,172.33999633789062,0.011919434022647266,1
2024-02-05,META,1.0,456.2231750488281,465.6473083496094,0.020656849139179777,1
2024-02-05,TSLA,1.0,181.05999755859375,188.1300048828125,0.03904787042720902,1
2024-02-06,META,1.0,451.5657043457031,456.92822265625,0.011875388805969897,1
2024-02-09,META,1.0,464.8627624511719,470.0366516113281,0.011129928181114966,1
2024-02-12,AAPL,1.0,185.63568115234375,180.0908966064453,-0.02986917445761979,1
2024-02-12,NVDA,1.0,72.20777893066406,69.413330078125,-0.0387001081313188,1
2024-02-13,NVDA,1.0,72.08784484863281,67.43444061279297,-0.06455185677434076,1
2024-02-14,NVDA,1.0,73.8588638305664,78.49427032470703,0.06276032765375775,1
2024-02-16,NVDA,1.0,72.57257080078125,79.04796600341797,0.08922648228091998,1
2024-02-20,NVDA,1.0,69.413330078125,78.65717315673828,0.13317100718564137,1
2024-02-22,NVDA,1.0,78.49427032470703,79.06795501708984,0.0073086187056667015,1
2024-02-23,GOOGL,1.0,142.8804473876953,136.11158752441406,-0.04737429079371833,1
2024-02-28,AAPL,1.0,179.95205688476562,167.7515411376953,-0.06779870126676603,1
2024-02-29,NVDA,1.0,79.06795501708984,92.62174224853516,0.1714194736478992,1
2024-03-05,NVDA,1.0,85.920166015625,91.86613464355469,0.06920341176771451,1
2024-03-06,TSLA,1.0,176.5399932861328,169.47999572753906,-0.039990924589823874,1
2024-03-07,NVDA,1.0,92.62174224853516,87.89915466308594,-0.050987894103491756,1
2024-03-08,AAPL,1.0,169.34854125976562,171.2232208251953,0.011069948116967217,1
2024-03-11,NVDA,1.0,85.73026275634766,88.40989685058594,0.031256571577927134,1
2024-03-11,TSLA,1.0,177.77000427246094,173.8000030517578,-0.022332233364963323,1
2024-03-13,NVDA,1.0,90.8416519165039,90.325927734375,-0.0056771774978610955,1
2024-03-13,TSLA,-1.0,169.47999572753906,175.66000366210938,0.03646452732100296,1
2024-03-14,NVDA,1.0,87.89915466308594,91.38836669921875,0.039695626761222305,1
2024-03-18,META,1.0,494.0561828613281,500.06060791015625,0.01215332437305708,1
2024-03-18,NVDA,1.0,88.40989685058594,94.95355987548828,0.07401505100680338,1
2024-03-19,NVDA,1.0,89.35242462158203,92.5137939453125,0.03538090138145929,1
2024-03-20,NVDA,1.0,90.325927734375,90.2039794921875,-0.0013500912223798906,1
2024-03-21,INTC,1.0,41.982078552246094,43.714012145996094,0.0412541173156692,1
2024-03-25,MSFT,1.0,417.4183349609375,416.0165710449219,-0.0033581752371917343,1
2024-03-26,MSFT,1.0,416.2239074707031,415.03936767578125,-0.00284591964483744,1
2024-03-27,AMZN,1.0,179.8300018310547,180.0,0.0009453270712026188,1
2024-03-27,TSLA,1.0,179.8300018310547,171.11000061035156,-0.048490247077322086,1
2024-03-28,TSLA,1.0,175.7899932861328,164.89999389648438,-0.061948915214547054,1
2024-04-01,MSFT,1.0,419.1063232421875,419.12603759765625,4.703903132799487e-05,1
2024-04-01,TSLA,-1.0,175.22000122070312,172.97999572753906,-0.012783960036289479,1
2024-04-02,META,1.0,494.44390869140625,513.8590087890625,0.039266537126607944,1
2024-04-02,TSLA,-1.0,166.6300048828125,176.8800048828125,0.0615135311747042,1
2024-04-03,TSLA,1.0,168.3800048828125,171.75999450683594,0.020073580745978776,1
2024-04-04,META,1.0,507.9141845703125,520.0821533203125,0.02395674135443552,1
2024-04-04,NVDA,1.0,85.86119079589844,90.5698013305664,0.05483980004261597,1
2024-04-04,TSLA,1.0,171.11000061035156,174.60000610351562,0.020396268369558577,1
2024-04-08,GOOGL,1.0,153.6887969970703,153.6986846923828,6.433582346726603e-05,1
2024-04-08,META,1.0,516.1951904296875,497.2870788574219,-0.03662977091384031,1
2024-04-08,NVDA,1.0,87.08856201171875,85.95714569091797,-0.012991560483551634,1
2024-04-08,TSLA,1.0,172.97999572753906,161.47999572753906,-0.066481675824028,1
2024-04-10,AMZN,1.0,185.9499969482422,181.27999877929688,-0.025114268596870007,1
2024-04-10,NVDA,1.0,86.99461364746094,83.99214935302734,-0.034513220629967416,1
2024-04-11,AAPL,1.0,173.6236572265625,165.68838500976562,-0.04570386515036999,1
2024-04-11,META,1.0,520.0821533203125,498.8477783203125,-0.04082888609892752,1
2024-04-11,MSFT,1.0,422.4230651855469,399.0675964355469,-0.055289283836196884,1
2024-04-11,NVDA,1.0,90.5698013305664,84.62781524658203,-0.06560670330165573,1
2024-04-12,GOOGL,1.0,156.54718017578125,152.93447875976562,-0.023077396935282074,1
2024-04-12,META,1.0,508.88836669921875,478.2397766113281,-0.060226548872958696,1
2024-04-12,MSFT,1.0,416.4706726074219,393.9838562011719,-0.053993757268586275,1
2024-04-12,TSLA,-1.0,171.0500030517578,147.0500030517578,-0.14030984841747046,1
2024-04-15,META,1.0,497.2870788574219,478.8959045410156,-0.036983012626554124,1
2024-04-15,MSFT,-1.0,408.3170166015625,395.8001403808594,-0.03065479936369428,1
2024-04-16,AAPL,1.0,168.0094757080078,165.54953002929688,-0.014641707965247162,1
2024-04-16,AMZN,1.0,183.32000732421875,179.5399932861328,-0.02061975718449883,1
2024-04-16,GOOGL,1.0,153.24215698242188,157.07318115234375,0.024999805832551188,1
2024-04-16,META,1.0,496.8197937011719,493.18133544921875,-0.007323496966269407,1
2024-04-17,AMZN,1.0,181.27999877929688,176.58999633789062,-0.02587159351824683,1
2024-04-17,GOOGL,1.0,154.3041229248047,157.93667602539062,0.02354151678990554,1
2024-04-17,META,1.0,491.2626953125,490.59661865234375,-0.0013558462030839693,1
2024-04-17,MSFT,1.0,406.5401306152344,403.7958984375,-0.006750212269527764,1
2024-04-17,TSLA,1.0,155.4499969482422,162.1300048828125,0.04297206861184084,1
2024-04-18,AMZN,1.0,179.22000122070312,173.6699981689453,-0.03096754276283694,1
2024-04-18,META,1.0,498.8477783203125,438.7832336425781,-0.1204065594518227,1
2024-04-18,MSFT,1.0,399.0675964355469,393.9048767089844,-0.012936955474901174,1
2024-04-19,GOOGL,1.0,152.93447875976562,170.66055297851562,0.11590633036121753,1
2024-04-22,AAPL,1.0,164.4981231689453,172.0961151123047,0.0461889278551584,1
2024-04-22,META,1.0,478.8959045410156,430.0748291015625,-0.10194506776215662,1
2024-04-22,TSLA,1.0,142.0500030517578,194.0500030517578,0.36606827795035746,1
2024-04-23,AMZN,1.0,179.5399932861328,175.0,-0.02528680770805994,1
2024-04-24,AMZN,1.0,176.58999633789062,179.0,0.013647452925351607,1
2024-04-24,TSLA,1.0,162.1300048828125,179.99000549316406,0.11015851521907227,1
2024-04-25,AMZN,1.0,173.6699981689453,184.72000122070312,0.0636264361620389,1
2024-04-25,META,1.0,438.7832336425781,439.0815124511719,0.0006797862491635687,1
2024-04-25,TSLA,-1.0,170.17999267578125,180.00999450683594,0.05776238250158075,1
2024-04-26,GOOGL,1.0,170.66055297851562,165.98585510253906,-0.0273917891064437,1
2024-04-26,INTC,1.0,31.55088996887207,30.581005096435547,-0.030740333264557874,1
2024-04-26,MSFT,1.0,401.0911865234375,401.42681884765625,0.0008367980536494225,1
2024-04-29,AAPL,1.0,172.0961151123047,180.23968505859375,0.04731989412413416,1
2024-04-29,GOOGL,1.0,164.90402221679688,166.83941650390625,0.011736489268678606,1
2024-04-29,MSFT,1.0,397.0735778808594,408.21826171875,0.028067049682249448,1
2024-04-29,TSLA,1.0,194.0500030517578,184.75999450683594,-0.04787430249328059,1
2024-04-30,GOOGL,1.0,161.55929565429688,169.9657745361328,0.052033396455404494,1
2024-04-30,MSFT,1.0,384.31982421875,404.0722961425781,0.051395922560021956,1
2024-04-30,NVDA,1.0,86.35794830322266,90.50782012939453,0.048054312402151085,1
2024-05-01,AMZN,1.0,179.0,188.0,0.05027932960893855,1
2024-05-01,META,1.0,436.6061706542969,469.8196105957031,0.07607185187427075,1
2024-05-02,AMZN,1.0,184.72000122070312,189.5,0.02587699625221278,1
2024-05-02,TSLA,1.0,180.00999450683594,171.97000122070312,-0.04466414938881347,1
2024-05-03,AAPL,1.0,181.89617919921875,181.81512451171875,-0.0004456096211412237,1
2024-05-06,AMZN,1.0,188.6999969482422,186.57000732421875,-0.011287703542505433,1
2024-05-13,AAPL,1.0,185.0233154296875,189.751220703125,0.02555302429025058,1
2024-05-13,NVDA,1.0,90.35289764404297,94.73167419433594,0.048463045065181315,1
2024-05-14,NVDA,1.0,91.3094253540039,95.33736419677734,0.044113067486267046,1
2024-05-15,AMZN,1.0,185.99000549316406,183.1300048828125,-0.015377173643111053,1
2024-05-15,GOOGL,1.0,171.21632385253906,175.0573272705078,0.022433628590675932,1
2024-05-17,MSFT,1.0,415.5505676269531,425.3902893066406,0.023678758847276528,1
2024-05-17,NVDA,1.0,92.43183898925781,106.41470336914062,0.15127757418639984,1
2024-05-20,NVDA,1.0,94.73167419433594,113.84292602539062,0.20174088543868848,1
2024-05-21,NVDA,1.0,95.33736419677734,114.76644134521484,0.20379289182293395,1
2024-05-22,MSFT,1.0,425.7463073730469,410.0720520019531,-0.036815951423765786,1
2024-05-23,NVDA,1.0,103.74607849121094,109.57709503173828,0.05620469347206536,1
2024-05-24,AAPL,1.0,188.6983642578125,192.72105407714844,0.021318095867751487,1
2024-05-24,GOOGL,1.0,173.67774963378906,171.87139892578125,-0.01040058793838947,1
2024-05-24,MSFT,1.0,425.3902893066406,408.93475341796875,-0.038683383947229644,1
2024-05-29,AAPL,1.0,189.00628662109375,194.54864501953125,0.02932367223079951,1
2024-05-29,TSLA,-1.0,176.19000244140625,175.0,-0.006754086071381929,1
2024-05-30,AAPL,1.0,189.99952697753906,193.1680145263672,0.016676291774151048,1
2024-05-30,AMZN,1.0,179.32000732421875,185.0,0.03167517535013014,1
2024-06-04,AAPL,1.0,193.0388946533203,205.75253295898438,0.06586050095498402,1
2024-06-04,NVDA,1.0,116.37763977050781,120.8582763671875,0.03850083749348525,1
2024-06-05,META,1.0,492.1474609375,505.84637451171875,0.027834977646991124,1
2024-06-07,MSFT,1.0,419.1502685546875,437.6626892089844,0.044166548474682696,1
2024-06-10,NVDA,1.0,121.72789001464844,130.92396545410156,0.07554616644013538,1
2024-06-11,AAPL,1.0,205.75253295898438,212.8443603515625,0.03446775255005897,1
2024-06-11,GOOGL,1.0,175.4967041015625,173.97642517089844,-0.008662720695792981,1
2024-06-11,NVDA,1.0,120.8582763671875,135.52198791503906,0.12132980867028728,1
2024-06-12,AAPL,1.0,211.63259887695312,208.2654571533203,-0.015910316943140348,1
2024-06-12,TSLA,1.0,177.2899932861328,181.57000732421875,0.024141317616151715,1
2024-06-13,MSFT,1.0,436.68365478515625,444.792724609375,0.018569666474483288,1
2024-06-14,MSFT,1.0,437.6626892089844,442.7061767578125,0.011523686330090283,1
2024-06-14,TSLA,1.0,178.00999450683594,182.5800018310547,0.025672756953224067,1
2024-06-17,MSFT,1.0,443.3983459472656,445.94976806640625,0.005754243655757957,1
2024-06-17,TSLA,1.0,187.44000244140625,187.35000610351562,-0.0004801341054119857,1
2024-06-18,AAPL,1.0,212.8443603515625,211.81138610839844,-0.004853190572951346,1
2024-06-18,NVDA,1.0,135.52198791503906,126.3459243774414,-0.06770903879708641,1
2024-06-18,TSLA,-1.0,184.86000061035156,196.3699951171875,0.062263304494392685,1
2024-06-20,META,1.0,499.24359130859375,517.0161743164062,0.0355990208331525,1
2024-06-20,TSLA,1.0,181.57000732421875,197.4199981689453,0.08729410257953109,1
2024-06-21,AMZN,1.0,189.0800018310547,193.25,0.02205414707300065,1
2024-06-21,MSFT,1.0,444.792724609375,441.994140625,-0.006291883453877909,1
2024-06-24,NVDA,1.0,118.05946350097656,124.246826171875,0.05240886657804655,1
2024-06-24,TSLA,1.0,182.5800018310547,209.86000061035156,0.14941394734205152,1
2024-06-25,AAPL,1.0,207.6595916748047,218.78402709960938,0.053570535004352576,1
2024-06-25,TSLA,1.0,187.35000610351562,231.25999450683594,0.23437409646551563,1
2024-06-26,AAPL,1.0,211.81138610839844,220.05540466308594,0.03892150798006897,1
2024-06-26,AMZN,1.0,193.61000061035156,197.58999633789062,0.020556767289872463,1
2024-06-26,GOOGL,1.0,182.7105255126953,184.63821411132812,0.010550506563448478,1
2024-06-26,NVDA,1.0,126.3459243774414,128.22511291503906,0.014873360948184082,1
2024-06-26,TSLA,1.0,196.3699951171875,246.38999938964844,0.2547232546530877,1
2024-06-27,NVDA,1.0,123.93694305419922,125.77616119384766,0.014839950819539932,1
2024-06-28,AAPL,1.0,209.19911193847656,226.28311157226562,0.08166382483886118,1
2024-06-28,GOOGL,1.0,180.9915313720703,187.82777404785156,0.037771063783795265,1
2024-07-01,AAPL,1.0,215.2877655029297,227.1372833251953,0.0550403679214385,1
2024-07-01,AMZN,1.0,197.1999969482422,199.33999633789062,0.010851924050536924,1
2024-07-01,META,-1.0,502.208984375,527.405029296875,0.050170438414660234,1
2024-07-01,NVDA,1.0,124.246826171875,131.3238067626953,0.0569590452236621,1
2024-07-01,TSLA,-1.0,209.86000061035156,262.3299865722656,0.2500237577876283,1
2024-07-02,TSLA,1.0,231.25999450683594,263.260009765625,0.1383724639751436,1
2024-07-03,GOOGL,1.0,184.63821411132812,184.3897705078125,-0.0013455697928589432,1
2024-07-03,META,1.0,507.4631042480469,510.18975830078125,0.005373107975553613,1
2024-07-03,TSLA,1.0,246.38999938964844,241.02999877929688,-0.02175413216294992,1
2024-07-08,META,1.0,526.7283325195312,493.730712890625,-0.06264637307635751,1
2024-07-08,NVDA,1.0,128.14512634277344,128.3850555419922,0.0018723240287497713,1
2024-07-09,AMZN,1.0,199.33999633789062,193.02000427246094,-0.03170458604161407,1
2024-07-09,GOOGL,1.0,187.778076171875,182.75025939941406,-0.02677531304484625,1
2024-07-09,NVDA,1.0,131.3238067626953,126.3059310913086,-0.038209946810741774,1
2024-07-10,AAPL,1.0,231.4082794189453,227.3359375,-0.017598082182585517,1
2024-07-10,AMZN,1.0,199.7899932861328,187.92999267578125,-0.059362335496783616,1
2024-07-10,META,1.0,532.0720825195312,459.7279968261719,-0.13596670088531432,1
2024-07-10,TSLA,1.0,263.260009765625,248.5,-0.056066281311641424,1
2024-07-11,AAPL,1.0,226.03477478027344,222.6676483154297,-0.014896497532810632,1
2024-07-11,TSLA,1.0,241.02999877929688,249.22999572753906,0.034020648839444466,1
2024-07-12,MSFT,1.0,448.5209045410156,432.2632141113281,-0.03624734157335312,1
2024-07-12,NVDA,1.0,129.1847381591797,117.87955474853516,-0.08751175697484045,1
2024-07-12,TSLA,1.0,248.22999572753906,239.1999969482422,-0.03637754878426673,1
2024-07-15,AAPL,1.0,232.81871032714844,222.44915771484375,-0.04453917212123444,1
2024-07-15,META,1.0,493.730712890625,485.0135803222656,-0.01765564171068787,1
2024-07-15,TSLA,1.0,252.63999938964844,251.50999450683594,-0.004472786912375208,1
2024-07-16,AMZN,1.0,193.02000427246094,186.41000366210938,-0.03424515834649498,1
2024-07-16,GOOGL,1.0,182.75025939941406,180.63381958007812,-0.011581049604478555,1
2024-07-16,META,1.0,487.3918762207031,486.2972717285156,-0.002245840658394224,1
2024-07-16,MSFT,1.0,444.53558349609375,439.91741943359375,-0.01038873879607116,1
2024-07-16,TSLA,1.0,256.55999755859375,246.3800048828125,-0.03967879939450156,1
2024-07-17,AMZN,1.0,187.92999267578125,180.8300018310547,-0.037779977233200555,1
2024-07-17,GOOGL,1.0,179.8687286376953,171.53208923339844,-0.04634846461326327,1
2024-07-17,MSFT,1.0,438.6021423339844,424.1443176269531,-0.03296341561419457,1
2024-07-18,MSFT,1.0,435.4870910644531,413.7606506347656,-0.049889975789137536,1
2024-07-18,TSLA,1.0,249.22999572753906,220.25,-0.11627812151158687,1
2024-07-19,META,1.0,474.4555358886719,463.4198303222656,-0.023259725583633428,1
2024-07-22,AMZN,1.0,182.5500030517578,183.1999969482422,0.003560634815766529,1
2024-07-22,META,1.0,485.0135803222656,463.4297790527344,-0.0445014369601568,1
2024-07-22,NVDA,1.0,123.48715209960938,111.5422592163086,-0.09672984339023044,1
2024-07-22,TSLA,1.0,251.50999450683594,232.10000610351562,-0.0771738254035577,1
2024-07-23,AMZN,1.0,186.41000366210938,181.7100067138672,-0.025213222766528664,1
2024-07-23,GOOGL,1.0,180.63381958007812,169.20697021484375,-0.06325974500123246,1
2024-07-23,MSFT,1.0,439.91741943359375,418.2306213378906,-0.04929742978494804,1
2024-07-23,TSLA,-1.0,246.3800048828125,222.6199951171875,-0.0964364367836024,1
2024-07-24,AAPL,-1.0,217.06568908691406,220.5818328857422,0.016198524113224755,1
2024-07-24,GOOGL,1.0,171.53208923339844,170.448974609375,-0.006314355692069236,1
2024-07-24,META,-1.0,459.011474609375,472.505126953125,0.029397200484439483,1
2024-07-24,TSLA,1.0,215.99000549316406,232.07000732421875,0.07444789769017164,1
2024-07-25,AAPL,1.0,216.02279663085938,216.8869171142578,0.004000135619367293,1
2024-07-25,AMZN,1.0,179.85000610351562,184.07000732421875,0.023464003766973652,1
2024-07-26,AMZN,1.0,182.5,167.89999389648438,-0.08000003344392123,1
2024-07-26,TSLA,1.0,219.8000030517578,207.6699981689453,-0.05518655466058463,1
2024-07-29,TSLA,1.0,232.10000610351562,198.8800048828125,-0.14312796358086757,1
2024-07-30,AMZN,1.0,181.7100067138672,161.92999267578125,-0.10885484182075278,1
2024-07-30,GOOGL,1.0,169.20697021484375,157.2832794189453,-0.07046808285000795,1
2024-07-31,GOOGL,1.0,170.448974609375,157.9291229248047,-0.0734521971356095,1
2024-07-31,MSFT,1.0,413.71124267578125,394.0121154785156,-0.0476156438724183,1
2024-08-01,META,1.0,495.302978515625,507.1347961425781,0.02388804053311356,1
2024-08-02,AAPL,1.0,218.37681579589844,214.78123474121094,-0.016465031059194665,1
2024-08-02,AMZN,1.0,167.89999389648438,166.94000244140625,-0.005717638415579633,1
2024-08-02,INTC,-1.0,21.3445987701416,19.709999084472656,-0.07658142011812112,1
2024-08-02,META,1.0,485.75,515.2349853515625,0.06069991837686567,1
2024-08-05,AAPL,1.0,207.85824584960938,216.31260681152344,0.04067368570035467,1
2024-08-06,AAPL,1.0,205.83201599121094,220.03167724609375,0.06898665004325245,1
2024-08-06,AMZN,1.0,161.92999267578125,170.22999572753906,0.05125673702941621,1
2024-08-06,GOOGL,1.0,157.2832794189453,163.11593627929688,0.03708376937395545,1
2024-08-06,META,1.0,491.67083740234375,525.9521484375,0.06972410895117456,1
2024-08-14,GOOGL,1.0,159.3500518798828,164.79519653320312,0.03417096253865567,1
2024-08-16,META,1.0,524.8375854492188,525.414794921875,0.0010997868457957429,1
2024-08-19,GOOGL,1.0,165.6099853515625,165.1032257080078,-0.0030599582656741435,1
2024-08-19,TSLA,1.0,222.72000122070312,213.2100067138672,-0.04269932855025473,1
2024-08-20,TSLA,1.0,221.10000610351562,209.2100067138672,-0.05377656744198244,1
2024-08-23,NVDA,1.0,129.31463623046875,119.31893157958984,-0.07729755070465678,1
2024-08-26,NVDA,1.0,126.40589141845703,107.95378875732422,-0.1459750210537936,1
2024-08-27,AAPL,1.0,226.75384521484375,219.61404418945312,-0.031487011912083945,1
2024-08-27,NVDA,1.0,128.2451171875,106.16455841064453,-0.17217465476344584,1
2024-08-28,AAPL,1.0,225.22247314453125,221.13546752929688,-0.018146526668373963,1
2024-08-29,GOOGL,1.0,160.75108337402344,149.96014404296875,-0.06712825260372987,1
2024-08-29,NVDA,1.0,117.53968811035156,102.7860107421875,-0.12552081433390094,1
2024-08-29,TSLA,1.0,206.27999877929688,210.72999572753906,0.021572605073569586,1
2024-08-30,GOOGL,1.0,162.34091186523438,147.9602813720703,-0.0885829106658092,1
2024-09-03,AMZN,1.0,176.25,179.5500030517578,0.018723421570257092,1
2024-09-03,GOOGL,1.0,156.35919189453125,147.9105224609375,-0.05403372408890818,1
2024-09-04,META,-1.0,510.2294921875,509.3239440917969,-0.0017747858749222452,1
2024-09-05,AAPL,1.0,221.13546752929688,221.52330017089844,0.0017538237802137322,1
2024-09-05,AMZN,1.0,177.88999938964844,187.0,0.051211426396135455,1
2024-09-05,GOOGL,1.0,156.23997497558594,153.91015625,-0.014911796586948987,1
2024-09-05,META,1.0,514.3294067382812,523.0264892578125,0.0169095571934832,1
2024-09-05,NVDA,1.0,107.16413879394531,119.0992202758789,0.1113719721564908,1
2024-09-05,TSLA,-1.0,230.1699981689453,229.80999755859375,-0.0015640640101466275,1
2024-09-09,AAPL,1.0,219.67369079589844,215.10940551757812,-0.020777569046996378,1
2024-09-10,AAPL,1.0,218.87815856933594,215.57675170898438,-0.01508330882318597,1
2024-09-10,GOOGL,1.0,147.9105224609375,158.51681518554688,0.071707492801335,1
2024-09-10,META,1.0,502.3184814453125,534.2031860351562,0.06347507760037502,1
2024-09-10,TSLA,1.0,226.1699981689453,227.8699951171875,0.007516456479662335,1
2024-09-12,AMZN,1.0,187.0,189.8699951171875,0.01534756747159091,1
2024-09-13,TSLA,1.0,230.2899932861328,238.25,0.03456514371415594,1
2024-09-16,AAPL,1.0,215.10940551757812,225.20257568359375,0.04692110111006206,1
2024-09-16,GOOGL,1.0,157.2631378173828,161.03404235839844,0.023978311722321583,1
2024-09-17,MSFT,1.0,431.1006164550781,425.1762390136719,-0.013742447157979386,1
2024-09-19,AAPL,1.0,227.58914184570312,226.24668884277344,-0.005898581066050243,1
2024-09-19,AMZN,1.0,189.8699951171875,191.16000366210938,0.006794167472989524,1
2024-09-20,AMZN,1.0,191.60000610351562,187.97000122070312,-0.018945745131403176,1
2024-09-23,AMZN,1.0,193.8800048828125,186.3300018310547,-0.03894162812880722,1
2024-09-23,META,1.0,562.1823120117188,570.1806640625,0.014227327825665428,1
2024-09-24,AAPL,1.0,226.0975341796875,224.9440460205078,-0.005101728169503037,1
2024-09-25,GOOGL,1.0,160.6758575439453,165.02381896972656,0.027060452592213922,1
2024-09-25,TSLA,1.0,257.0199890136719,249.02000427246094,-0.031125924376198568,1
2024-09-26,GOOGL,1.0,161.90960693359375,165.02381896972656,0.019234263457943466,1
2024-09-26,META,1.0,565.5988159179688,580.469970703125,0.026292761523943994,1
2024-09-26,TSLA,-1.0,254.22000122070312,240.66000366210938,-0.05333961723500084,1
2024-09-30,AMZN,1.0,186.3300018310547,180.8000030517578,-0.02967852050101369,1
2024-09-30,GOOGL,1.0,165.01388549804688,162.1583251953125,-0.017304969785516468,1
2024-09-30,META,1.0,570.1806640625,582.4720458984375,0.02155699519580725,1
2024-10-01,AAPL,-1.0,224.9440460205078,224.50650024414062,-0.0019451316187639707,1
2024-10-01,META,1.0,574.1947021484375,590.5499877929688,0.028483867202771886,1
2024-10-03,AAPL,1.0,224.40704345703125,227.75819396972656,0.014933357086614708,1
2024-10-03,AMZN,1.0,181.9600067138672,186.64999389648438,0.025774824189758416,1
2024-10-03,TSLA,-1.0,240.66000366210938,238.77000427246094,-0.007853400485699435,1
2024-10-04,AMZN,1.0,186.50999450683594,188.82000732421875,0.012385463972002563,1
2024-10-07,META,1.0,582.4720458984375,588.0897216796875,0.009644541434748138,1
2024-10-08,MSFT,1.0,410.8507995605469,414.8432922363281,0.009717621774258903,1
2024-10-08,NVDA,1.0,132.84449768066406,131.55496215820312,-0.009707105261979048,1
2024-10-09,AMZN,1.0,185.1699981689453,186.88999938964844,0.009288768362647123,1
2024-10-09,GOOGL,1.0,161.04397583007812,164.32733154296875,0.020387944944646564,1
2024-10-09,META,1.0,588.1793212890625,574.513427734375,-0.023234229868430475,1
2024-10-10,AMZN,1.0,186.64999389648438,187.52999877929688,0.004714732984671559,1
2024-10-10,META,1.0,581.5256958007812,574.6529541015625,-0.011818466060652306,1
2024-10-10,MSFT,1.0,411.9703063964844,412.8421325683594,0.002116235462455747,1
2024-10-10,NVDA,1.0,134.7638397216797,136.88311767578125,0.015725865027876842,1
2024-10-11,AMZN,1.0,188.82000732421875,188.99000549316406,0.000900318622768679,1
2024-10-11,META,1.0,587.6216430664062,574.1947021484375,-0.022849636456381155,1
2024-10-11,TSLA,-1.0,217.8000030517578,220.6999969482422,0.013314939650369164,1
2024-10-14,META,1.0,588.0897216796875,572.889892578125,-0.02584610568970517,1
2024-10-15,AMZN,1.0,187.69000244140625,189.6999969482422,0.010709118656777816,1
2024-10-15,GOOGL,1.0,164.62583923339844,164.3074493408203,-0.0019340213787868831,1
2024-10-16,GOOGL,1.0,164.32733154296875,161.9593505859375,-0.0144101467162939,1
2024-10-16,META,1.0,574.513427734375,561.4652099609375,-0.022711771637599243,1
2024-10-17,META,1.0,574.6529541015625,565.5390014648438,-0.015859924797511745,1
2024-10-17,NVDA,1.0,136.88311767578125,140.3619384765625,0.025414535114703617,1
2024-10-17,TSLA,-1.0,220.88999938964844,260.4800109863281,0.17922953373205086,1
2024-10-18,MSFT,1.0,414.26873779296875,424.16571044921875,0.023890223310058273,1
2024-10-22,META,1.0,579.7129516601562,590.9384765625,0.01936393670384039,1
2024-10-23,MSFT,1.0,420.6487731933594,428.5049743652344,0.018676391499337013,1
2024-10-24,AMZN,1.0,186.3800048828125,186.39999389648438,0.00010724870237257053,1
2024-10-24,GOOGL,1.0,161.899658203125,170.24734497070312,0.0515608671459011,1
2024-10-24,TSLA,-1.0,260.4800109863281,249.85000610351562,-0.04080929220849288,1
2024-10-25,AAPL,-1.0,230.1149444580078,221.66250610351562,-0.036731375158620426,1
2024-10-25,META,1.0,570.9874267578125,564.9214477539062,-0.01062366475974815,1
2024-10-25,TSLA,1.0,269.19000244140625,248.97999572753906,-0.07507710736124473,1
2024-10-28,AMZN,1.0,188.38999938964844,195.77999877929688,0.03922713208551823,1
2024-10-28,TSLA,1.0,262.510009765625,242.83999633789062,-0.07493052720273874,1
2024-10-29,TSLA,1.0,259.5199890136719,251.44000244140625,-0.031134351550238238,1
2024-10-30,GOOGL,1.0,173.58047485351562,175.6201171875,0.011750413378610854,1
2024-10-31,META,1.0,565.33984375,589.3646850585938,0.04249628179261644,1
2024-10-31,MSFT,1.0,402.568603515625,421.4710388183594,0.04695456907880972,1
2024-11-01,AAPL,1.0,221.66250610351562,225.93812561035156,0.0192888710950477,1
2024-11-01,AMZN,1.0,197.92999267578125,208.17999267578125,0.051785986860465295,1
2024-11-04,AAPL,1.0,220.7675323486328,223.22039794921875,0.011110626524159397,1
2024-11-04,AMZN,1.0,195.77999877929688,206.83999633789062,0.0564919686768499,1
2024-11-05,MSFT,1.0,407.63104248046875,419.0933532714844,0.028119327520461916,1
2024-11-06,AMZN,1.0,207.08999633789062,214.10000610351562,0.033850064655887004,1
2024-11-11,NVDA,1.0,145.2102508544922,140.1020050048828,-0.03517827301826018,1
2024-11-11,TSLA,1.0,350.0,338.739990234375,-0.03217145647321429,1
2024-11-12,META,1.0,582.5117797851562,558.8754272460938,-0.04057660867867793,1
2024-11-12,NVDA,1.0,148.2392120361328,146.9596710205078,-0.00863159617519497,1
2024-11-13,NVDA,1.0,146.21994018554688,145.84005737304688,-0.002598023306656704,1
2024-11-14,AMZN,1.0,211.47999572753906,198.3800048828125,-0.06194434986467457,1
2024-11-14,NVDA,1.0,146.70974731445312,146.6197967529297,-0.0006131191905786618,1
2024-11-18,TSLA,1.0,338.739990234375,338.5899963378906,-0.0004427994946229817,1
2024-11-19,NVDA,1.0,146.9596710205078,136.87313842773438,-0.06863469768767984,1
2024-11-20,NVDA,1.0,145.84005737304688,135.2936553955078,-0.0723148507173323,1
2024-11-21,NVDA,1.0,146.6197967529297,138.2026824951172,-0.057407761054233716,1
2024-11-25,AAPL,1.0,231.821533203125,241.5574951171875,0.041997659922004424,1
2024-11-25,META,1.0,562.8795166015625,611.2279663085938,0.0858948465542671,1
2024-11-25,TSLA,-1.0,338.5899963378906,351.4200134277344,0.03789248716326585,1
2024-11-29,AAPL,1.0,236.26145935058594,241.74664306640625,0.023216582725331027,1
2024-12-02,TSLA,1.0,357.0899963378906,389.7900085449219,0.09157358800969992,1
2024-12-03,AMZN,1.0,213.44000244140625,225.0399932861328,0.05434778257140904,1
2024-12-03,INTC,-1.0,22.469999313354492,20.15999984741211,-0.10280371769168196,1
2024-12-04,AMZN,1.0,218.16000366210938,230.25999450683594,0.05546383682440376,1
2024-12-09,AMZN,1.0,226.08999633789062,232.92999267578125,0.03025342318847348,1
2024-12-09,TSLA,1.0,389.7900085449219,463.0199890136719,0.1878703375238273,1
2024-12-10,AAPL,1.0,246.65444946289062,252.33872985839844,0.023045521408131004,1
2024-12-10,AMZN,1.0,225.0399932861328,231.14999389648438,0.02715073228154094,1
2024-12-10,GOOGL,1.0,184.4476318359375,194.65762329101562,0.05535441877703103,1
2024-12-10,META,1.0,616.8756713867188,617.4927978515625,0.0010004065543004273,1
2024-12-10,TSLA,1.0,400.989990234375,479.8599853515625,0.1966881893263438,1
2024-12-12,AMZN,1.0,228.97000122070312,223.2899932861328,-0.024806777762539204,1
2024-12-13,AAPL,1.0,247.0128173828125,253.3441925048828,0.02563176757041782,1
2024-12-13,AMZN,1.0,227.4600067138672,224.9199981689453,-0.011166835795081433,1
2024-12-13,MSFT,1.0,443.9947204589844,433.4029235839844,-0.023855682031648066,1
2024-12-16,AMZN,1.0,232.92999267578125,225.05999755859375,-0.03378695472738826,1
2024-12-16,NVDA,1.0,131.96388244628906,139.6317901611328,0.058106108828411315,1
2024-12-16,TSLA,1.0,463.0199890136719,430.6000061035156,-0.07001853846357153,1
2024-12-17,META,1.0,617.4927978515625,605.8395385742188,-0.018871895053495097,1
2024-12-17,TSLA,1.0,479.8599853515625,462.2799987792969,-0.03663565854399362,1
2024-12-18,AMZN,1.0,220.52000427246094,227.0500030517578,0.029611820482412156,1
2024-12-18,GOOGL,1.0,187.66500854492188,194.83694458007812,0.03821669308926861,1
2024-12-18,META,1.0,595.312744140625,601.4534301757812,0.010315058925910874,1
2024-12-18,MSFT,1.0,434.18707275390625,434.90179443359375,0.0016461146002211783,1
2024-12-18,TSLA,1.0,440.1300048828125,454.1300048828125,0.03180878341554467,1
2024-12-19,AMZN,1.0,223.2899932861328,223.75,0.00206013134353816,1
2024-12-19,META,1.0,593.6979370117188,597.9244995117188,0.0071190452863516916,1
2024-12-19,TSLA,-1.0,436.1700134277344,431.6600036621094,-0.010340027115074082,1
2024-12-20,AMZN,1.0,224.9199981689453,221.3000030517578,-0.01609458983930986,1
2024-12-20,GOOGL,1.0,190.66326904296875,190.4939422607422,-0.0008880933547216283,1
2024-12-20,META,1.0,583.4103393554688,589.3814086914062,0.010234767766601682,1
2024-12-20,NVDA,1.0,134.6631622314453,137.452392578125,0.0207126455406256,1
2024-12-23,GOOGL,1.0,193.8707275390625,188.5615234375,-0.027385279711671595,1
2024-12-26,AAPL,1.0,257.8537902832031,242.26429748535156,-0.06045865286963392,1
2025-01-02,TSLA,1.0,379.2799987792969,394.739990234375,0.04076142033546646,1
2025-01-03,AAPL,1.0,242.26429748535156,233.34461975097656,-0.03681796214695781,1
2025-01-03,GOOGL,1.0,191.0417938232422,190.26483154296875,-0.004066975423149068,1
2025-01-03,META,1.0,602.7294311523438,606.4178466796875,0.006119521192605375,1
2025-01-03,TSLA,-1.0,410.44000244140625,403.30999755859375,-0.017371613001660013,1
2025-01-06,AMZN,1.0,227.61000061035156,217.75999450683594,-0.043275805443970694,1
2025-01-06,GOOGL,1.0,196.10198974609375,188.9200897216797,-0.03662328992027539,1
2025-01-06,META,1.0,628.2190551757812,592.3819580078125,-0.05704554306768236,1
2025-01-06,MSFT,1.0,424.71697998046875,412.62615966796875,-0.028467946614839874,1
2025-01-06,TSLA,1.0,411.04998779296875,396.3599853515625,-0.03573775180065224,1
2025-01-07,NVDA,1.0,140.10166931152344,136.2027587890625,-0.027829151084499248,1
2025-01-10,AMZN,1.0,218.94000244140625,225.94000244140625,0.03197222947813465,1
2025-01-10,GOOGL,1.0,191.2908172607422,195.2353515625,0.020620615031306747,1
2025-01-10,META,1.0,613.9240112304688,610.8438110351562,-0.005017233629841177,1
2025-01-13,AMZN,1.0,218.4600067138672,230.7100067138672,0.056074336828363776,1
2025-01-13,GOOGL,1.0,190.26483154296875,197.2773895263672,0.03685682701595195,1
2025-01-13,META,1.0,606.4178466796875,614.522216796875,0.013364333127003537,1
2025-01-13,TSLA,1.0,403.30999755859375,424.07000732421875,0.05147407674318547,1
2025-01-14,META,1.0,592.3819580078125,621.5400390625,0.049221757449782015,1
2025-01-17,GOOGL,1.0,195.2353515625,191.06170654296875,-0.02137750661511297,1
2025-01-17,NVDA,1.0,137.67234802246094,118.38761138916016,-0.14007705185760702,1
2025-01-21,AAPL,1.0,221.63758850097656,237.187255859375,0.07015807861638922,1
2025-01-21,AMZN,1.0,230.7100067138672,238.14999389648438,0.0322482205630745,1
2025-01-21,META,1.0,614.522216796875,672.2103881835938,0.09387483448102427,1
2025-01-21,TSLA,1.0,424.07000732421875,398.0899963378906,-0.06126349550220691,1
2025-01-22,AAPL,-1.0,222.82223510742188,238.2823028564453,0.06938296683708513,1
2025-01-22,AMZN,1.0,235.00999450683594,237.07000732421875,0.008765639187838419,1
2025-01-22,META,1.0,621.5400390625,674.3634643554688,0.08498796855089975,1
2025-01-22,MSFT,1.0,442.9325866699219,439.0909118652344,-0.008673272006402088,1
2025-01-22,TSLA,1.0,415.1099853515625,389.1000061035156,-0.06265804284620775,1
2025-01-23,AAPL,1.0,222.6529998779297,236.520263671875,0.06228195354002906,1
2025-01-23,META,1.0,634.4494018554688,684.8404541015625,0.07942485578632971,1
2025-01-24,AAPL,1.0,221.77696228027344,234.9374237060547,0.0593409761341647,1
2025-01-24,AMZN,1.0,234.85000610351562,237.67999267578125,0.012050187348167419,1
2025-01-27,AAPL,1.0,228.82508850097656,226.9833984375,-0.008048462148715406,1
2025-01-27,GOOGL,1.0,191.06170654296875,200.44496154785156,0.04911112317931992,1
2025-01-27,META,-1.0,657.8057250976562,695.2675170898438,0.05694962899057471,1
2025-01-27,NVDA,1.0,118.38761138916016,116.62810516357422,-0.014862249562601125,1
2025-01-28,META,1.0,672.2103881835938,701.9765014648438,0.04428094805509059,1
2025-01-28,NVDA,1.0,128.95472717285156,118.6175537109375,-0.08016126037828813,1
2025-01-29,META,1.0,674.3634643554688,702.654296875,0.04195190578210011,1
2025-01-29,MSFT,1.0,439.0909118652344,410.26361083984375,-0.06565223794528977,1
2025-01-30,AAPL,1.0,236.520263671875,232.1699676513672,-0.018392910412711978,1
2025-01-30,AMZN,1.0,234.63999938964844,238.8300018310547,0.017857153308495532,1
2025-01-30,GOOGL,1.0,200.08636474609375,190.8525390625,-0.04614920009822419,1
2025-01-30,META,1.0,684.8404541015625,709.7518920898438,0.03637553511782886,1
2025-01-30,MSFT,1.0,411.95111083984375,412.7750549316406,0.002000101638558765,1
2025-01-30,TSLA,1.0,400.2799987792969,374.32000732421875,-0.06485458062917536,1
2025-01-31,AAPL,1.0,234.9374237060547,226.60513305664062,-0.035465999915956885,1
2025-01-31,AMZN,1.0,237.67999267578125,229.14999389648438,-0.035888585670450716,1
2025-02-05,GOOGL,1.0,190.58360290527344,182.8937225341797,-0.04034911846490741,1
2025-02-06,AMZN,1.0,238.8300018310547,230.3699951171875,-0.03542271343217461,1
2025-02-07,AMZN,1.0,229.14999389648438,228.67999267578125,-0.0020510636405054504,1
2025-02-10,TSLA,1.0,350.7300109863281,354.1099853515625,0.009636969347815891,1
2025-02-12,TSLA,-1.0,336.510009765625,354.3999938964844,0.05316330454276687,1
2025-02-20,NVDA,1.0,140.07168579101562,120.11714935302734,-0.14245945799324555,1
2025-02-27,NVDA,1.0,120.11714935302734,110.53976440429688,-0.07973370164307089,1
2025-03-03,AAPL,1.0,237.2188262939453,226.70477294921875,-0.044322170836889094,1
2025-03-03,TSLA,1.0,284.6499938964844,222.14999389648438,-0.21956789509972274,1
2025-03-06,TSLA,1.0,263.45001220703125,240.67999267578125,-0.08643013276217373,1
2025-03-07,MSFT,1.0,391.2127380371094,386.4880676269531,-0.012076985104989297,1
2025-03-10,TSLA,-1.0,222.14999389648438,238.00999450683594,0.0713932074998925,1
2025-03-11,TSLA,1.0,230.5800018310547,225.30999755859375,-0.02285542644900426,1
2025-03-12,AAPL,1.0,216.24057006835938,214.50650024414062,-0.008019169685274899,1
2025-03-12,TSLA,-1.0,248.08999633789062,235.86000061035156,-0.04929660973061647,1
2025-03-13,MSFT,1.0,376.7502746582031,384.7772521972656,0.021305830623069264,1
2025-03-14,AAPL,1.0,212.762451171875,217.5261688232422,0.022389841934651024,1
2025-03-14,NVDA,1.0,121.64791870117188,117.67863464355469,-0.03262928046773849,1
2025-03-14,TSLA,-1.0,249.97999572753906,248.7100067138672,-0.005080362570515744,1
2025-03-17,TSLA,1.0,238.00999450683594,278.3900146484375,0.16965682565251183,1
2025-03-18,AAPL,1.0,211.96519470214844,222.9875030517578,0.05200055775712528,1
2025-03-18,GOOGL,1.0,160.22750854492188,170.09027099609375,0.061554738888089995,1
2025-03-18,META,1.0,581.0458374023438,624.896728515625,0.07546890157465634,1
2025-03-19,GOOGL,1.0,163.4386444091797,164.6054229736328,0.007138939316775145,1
2025-03-19,NVDA,1.0,117.49866485595703,113.7393569946289,-0.03199447300900571,1
2025-03-19,TSLA,1.0,235.86000061035156,272.05999755859375,0.15348086515121218,1
2025-03-20,AMZN,1.0,194.9499969482422,201.36000061035156,0.03288024499847099,1
2025-03-20,MSFT,1.0,384.7772521972656,388.497314453125,0.009668092993065485,1
2025-03-20,NVDA,1.0,118.50848388671875,111.40978240966797,-0.059900365309173725,1
2025-03-20,TSLA,1.0,236.25999450683594,273.1300048828125,0.15605693402701645,1
2025-03-27,GOOGL,1.0,161.793212890625,150.304931640625,-0.07100595287495945,1
2025-03-27,TSLA,-1.0,273.1300048828125,267.2799987792969,-0.021418394167369466,1
2025-03-28,META,1.0,575.4385375976562,503.591064453125,-0.12485690208459177,1
2025-03-28,TSLA,1.0,263.54998779296875,239.42999267578125,-0.09151962145464003,1
2025-03-31,AMZN,1.0,190.25999450683594,175.25999450683594,-0.07883948508923697,1
2025-03-31,GOOGL,1.0,154.21412658691406,146.34585571289062,-0.05102172575343759,1
2025-03-31,META,1.0,575.0594482421875,515.0850219726562,-0.10429256740821845,1
2025-03-31,MSFT,1.0,373.3883056640625,355.9517822265625,-0.04669809732388256,1
2025-03-31,TSLA,1.0,259.1600036621094,233.2899932861328,-0.09982254209914916,1
2025-04-01,AMZN,1.0,192.1699981689453,170.66000366210938,-0.11193211589628851,1
2025-04-01,TSLA,-1.0,268.4599914550781,221.86000061035156,-0.17358262805623392,1
2025-04-02,META,1.0,582.6123046875,584.4481811523438,0.0031511117257100713,1
2025-04-02,TSLA,1.0,282.760009765625,272.20001220703125,-0.037346149363011956,1
2025-04-03,AAPL,1.0,202.49755859375,189.77105712890625,-0.0628476785262168,1
2025-04-03,TSLA,1.0,267.2799987792969,252.39999389648438,-0.05567197302742986,1
2025-04-04,AAPL,1.0,187.738037109375,197.4747314453125,0.0518631945121753,1
2025-04-04,TSLA,1.0,239.42999267578125,252.30999755859375,0.05379445047326911,1
2025-04-07,MSFT,1.0,355.9517822265625,385.7420654296875,0.08369190629354274,1
2025-04-08,AAPL,1.0,171.83242797851562,201.45114135742188,0.17236975422712125,1
2025-04-08,AMZN,1.0,170.66000366210938,179.58999633789062,0.05232621870477507,1
2025-04-08,GOOGL,1.0,144.301513671875,155.87953186035156,0.08023490463726972,1
2025-04-08,META,1.0,509.29815673828125,520.3432006835938,0.0216867934807554,1
2025-04-09,AMZN,1.0,191.10000610351562,174.3300018310547,-0.08775512159521812,1
2025-04-09,GOOGL,1.0,158.27291870117188,152.90773010253906,-0.03389833613141733,1
2025-04-09,META,1.0,584.4481811523438,501.176513671875,-0.1424791284597444,1
2025-04-09,NVDA,1.0,114.30924987792969,104.47103881835938,-0.08606662251809448,1
2025-04-10,AMZN,1.0,181.22000122070312,172.61000061035156,-0.04751131526517135,1
2025-04-10,GOOGL,1.0,152.39913940429688,150.74371337890625,-0.010862436834364109,1
2025-04-10,META,1.0,545.0573120117188,500.348388671875,-0.08202609588857787,1
2025-04-10,MSFT,1.0,379.3165283203125,365.81884765625,-0.03558421438641986,1
2025-04-10,TSLA,1.0,252.39999389648438,241.3699951171875,-0.04370047165619408,1
2025-04-11,META,1.0,542.3434448242188,483.56634521484375,-0.10837615936968778,1
2025-04-11,NVDA,1.0,110.90986633300781,96.89241790771484,-0.12638594643334491,1
2025-04-14,AAPL,1.0,201.829833984375,199.059326171875,-0.013726948874736147,1
2025-04-14,AMZN,1.0,182.1199951171875,173.17999267578125,-0.04908852778989857,1
2025-04-14,META,1.0,530.2806396484375,499.1510925292969,-0.05870391032902638,1
2025-04-14,MSFT,1.0,385.7420654296875,364.864013671875,-0.05412438421657728,1
2025-04-15,META,1.0,520.3432006835938,519.0960083007812,-0.00239686495600215,1
2025-04-15,MSFT,1.0,383.67315673828125,372.3936462402344,-0.02939874812701864,1
2025-04-16,AMZN,1.0,174.3300018310547,186.5399932861328,0.07003953035525678,1
2025-04-16,GOOGL,1.0,152.90773010253906,158.8413543701172,0.03880526029389796,1
2025-04-16,META,1.0,501.176513671875,531.9469604492188,0.061396426085300264,1
2025-04-16,MSFT,1.0,369.6284484863281,385.2347412109375,0.04222156814097772,1
2025-04-16,NVDA,1.0,104.47103881835938,106.41068267822266,0.018566330743926853,1
2025-04-16,TSLA,-1.0,241.5500030517578,259.510009765625,0.0743531628522432,1
2025-04-17,GOOGL,1.0,150.74371337890625,161.51397705078125,0.07144751466220745,1
2025-04-17,META,1.0,500.348388671875,546.0350952148438,0.09130979049265965,1
2025-04-17,NVDA,1.0,101.47157287597656,110.98986053466797,0.09380250437553693,1
2025-04-21,AMZN,1.0,167.32000732421875,187.6999969482422,0.12180246672194314,1
2025-04-21,MSFT,1.0,357.2050476074219,389.0741882324219,0.08921805791508595,1
2025-04-22,AMZN,1.0,173.17999267578125,187.38999938964844,0.08205339712925405,1
2025-04-22,NVDA,1.0,98.8720474243164,109.00020599365234,0.10243702677532535,1
2025-04-23,AAPL,1.0,203.9027557373047,211.7758331298828,0.038611922453472364,1
2025-04-23,AMZN,1.0,180.60000610351562,184.4199981689453,0.02115167185121887,1
2025-04-23,GOOGL,1.0,154.92218017578125,158.3626708984375,0.022207864095073564,1
2025-04-23,META,1.0,519.0960083007812,547.7611694335938,0.055221309111286726,1
2025-04-23,MSFT,1.0,372.3936462402344,393.15234375,0.05574396265712334,1
2025-04-23,TSLA,1.0,250.74000549316406,282.1600036621094,0.12530907506022973,1
2025-04-24,MSFT,1.0,385.2347412109375,423.1316223144531,0.09837347738781682,1
2025-04-24,TSLA,1.0,259.510009765625,280.5199890136719,0.08096018826796669,1
2025-04-25,GOOGL,1.0,161.51397705078125,163.57826232910156,0.012780846066785199,1
2025-04-25,INTC,-1.0,20.049999237060547,20.6200008392334,0.028429008671444583,1
2025-04-25,NVDA,1.0,110.98986053466797,114.4792251586914,0.03143858913971268,1
2025-04-28,AMZN,1.0,187.6999969482422,186.35000610351562,-0.007192279524111123,1
2025-04-28,META,1.0,548.49951171875,597.917724609375,0.09009709550291232,1
2025-04-29,AAPL,1.0,210.490234375,197.83351135253906,-0.06012973979549229,1
2025-04-30,AAPL,-1.0,211.7758331298828,195.58120727539062,-0.07647060391711442,1
2025-04-30,GOOGL,1.0,158.3626708984375,150.96310424804688,-0.04672544740759126,1
2025-04-30,INTC,-1.0,20.100000381469727,20.309999465942383,0.01044771544712284,1
2025-04-30,META,1.0,547.7611694335938,595.4632568359375,0.08708555856865421,1
2025-05-01,AAPL,1.0,212.59304809570312,196.81698608398438,-0.07420779819957628,1
2025-05-01,AMZN,1.0,190.1999969482422,192.0800018310547,0.009884358112393098,1
2025-05-01,META,1.0,570.9187622070312,596.6605834960938,0.04508841361168612,1
2025-05-01,MSFT,1.0,423.1316223144531,435.8335266113281,0.03001880177945078,1
2025-05-01,TSLA,1.0,280.5199890136719,284.82000732421875,0.015328741191192983,1
2025-05-02,AAPL,1.0,204.65020751953125,197.8534393310547,-0.03321163594631536,1
2025-05-02,AMZN,1.0,189.97999572753906,193.05999755859375,0.016212242869359204,1
2025-05-02,META,1.0,595.6728515625,591.153076171875,-0.007587680685411881,1
2025-05-05,AMZN,1.0,186.35000610351562,208.63999938964844,0.11961359031966405,1
2025-05-08,GOOGL,1.0,153.85513305664062,163.50845336914062,0.06274292004899311,1
2025-05-12,NVDA,1.0,122.97767639160156,135.54539489746094,0.10219512089201951,1
2025-05-14,NVDA,1.0,135.3154296875,131.7760772705078,-0.02615631066734987,1
2025-05-15,MSFT,1.0,451.5412292480469,453.26513671875,0.0038178296001318726,1
2025-05-16,AAPL,1.0,210.81614685058594,194.8597412109375,-0.07568872630499882,1
2025-05-16,META,1.0,638.8950805664062,625.64501953125,-0.020739024979515474,1
2025-05-16,NVDA,1.0,135.37542724609375,131.26617431640625,-0.03035449647902088,1
2025-05-16,TSLA,1.0,349.9800109863281,339.3399963378906,-0.030401778142846992,1
2025-05-22,MSFT,1.0,453.26513671875,458.7458190917969,0.012091559506919735,1
2025-05-22,NVDA,1.0,132.80589294433594,135.10548400878906,0.01731542940957426,1
2025-05-23,MSFT,1.0,448.6015319824219,460.3502197265625,0.02618958453445716,1
2025-05-23,TSLA,1.0,339.3399963378906,342.69000244140625,0.009872122766748448,1
2025-05-29,NVDA,1.0,139.1647491455078,139.964599609375,0.005747507675459396,1
2025-06-02,AMZN,1.0,206.64999389648438,216.97999572753906,0.04998791258725716,1
2025-06-04,AMZN,1.0,207.22999572753906,213.1999969482422,0.02880857667223203,1
2025-06-04,META,1.0,686.3975830078125,692.5736694335938,0.008997826593032969,1
2025-06-05,AAPL,1.0,200.20848083496094,198.78147888183594,-0.00712757994653248,1
2025-06-09,TSLA,1.0,308.5799865722656,329.1300048828125,0.06659543458672851,1
2025-06-10,AAPL,1.0,202.24420166015625,195.2289581298828,-0.034686994597064376,1
2025-06-11,META,1.0,692.5736694335938,694.734130859375,0.003119468038032887,1
2025-06-11,MSFT,1.0,470.9628601074219,478.5561218261719,0.016122846113636336,1
2025-06-11,TSLA,1.0,326.42999267578125,322.04998779296875,-0.013417899644910494,1
2025-06-12,META,1.0,691.79541015625,681.3340454101562,-0.015122049947875384,1
2025-06-13,MSFT,1.0,473.2946472167969,484.29595947265625,0.023244108760900745,1
2025-06-16,META,1.0,701.0746459960938,711.1396484375,0.014356534641337366,1
2025-06-16,NVDA,1.0,144.6737823486328,147.88340759277344,0.022185258393301117,1
2025-06-17,NVDA,1.0,144.1038360595703,154.29270935058594,0.07070508023675165,1
2025-06-18,META,1.0,694.734130859375,725.0089721679688,0.04357759315947851,1
2025-06-20,TSLA,1.0,322.1600036621094,323.6300048828125,0.004562953824165288,1
2025-06-23,TSLA,-1.0,348.67999267578125,317.6600036621094,-0.08896406351171314,1
2025-06-24,GOOGL,1.0,166.51206970214844,175.56802368164062,0.0543861714991063,1
2025-06-25,MSFT,1.0,490.5439758300781,489.36810302734375,-0.0023970792847768886,1
2025-06-25,NVDA,1.0,154.29270935058594,157.2323760986328,0.019052531778201685,1
2025-06-26,AAPL,1.0,200.5777130126953,213.10133361816406,0.062437747531183,1
2025-06-26,META,1.0,725.0089721679688,717.9395141601562,-0.00975085589171807,1
2025-06-26,MSFT,1.0,495.705810546875,497.0909423828125,0.00279426185141826,1
2025-06-27,GOOGL,1.0,178.25387573242188,176.5165557861328,-0.00974632354640617,1
2025-06-27,META,1.0,732.5377197265625,717.2804565429688,-0.020827955711671602,1
2025-06-30,TSLA,1.0,317.6600036621094,297.80999755859375,-0.062488213418991856,1
2025-07-01,TSLA,1.0,300.7099914550781,295.8800048828125,-0.016061942434616967,1
2025-07-02,AMZN,1.0,219.9199981689453,222.25999450683594,0.010640216248515109,1
2025-07-02,GOOGL,1.0,178.3636932373047,177.34527587890625,-0.005709779495558438,1
2025-07-03,NVDA,1.0,159.3221435546875,164.90151977539062,0.035019464942034235,1
2025-07-07,NVDA,1.0,158.22227478027344,164.05162048339844,0.036842762570695776,1
2025-07-08,GOOGL,1.0,174.09031677246094,181.718505859375,0.043817423210759265,1
2025-07-08,TSLA,1.0,297.80999755859375,310.7799987792969,0.04355126196913955,1
2025-07-09,AAPL,1.0,210.69639587402344,209.7184600830078,-0.0046414452746516765,1
2025-07-09,MSFT,1.0,501.74456787109375,503.84716796875,0.004190578697398956,1
2025-07-10,AMZN,1.0,222.25999450683594,223.8800048828125,0.007288807774746601,1
2025-07-10,MSFT,1.0,499.7216796875,509.9058532714844,0.02037969133208915,1
2025-07-15,GOOGL,1.0,181.718505859375,191.04405212402344,0.051318638245161016,1
2025-07-15,META,1.0,709.3323974609375,703.7606201171875,-0.007854959626395513,1
2025-07-16,GOOGL,1.0,182.68701171875,189.93577575683594,0.03967859548354506,1
2025-07-16,META,1.0,701.8634033203125,712.517578125,0.015179840912470552,1
2025-07-16,MSFT,1.0,503.84716796875,504.09625244140625,0.0004943651338965131,1
2025-07-16,NVDA,1.0,171.35079956054688,170.7608642578125,-0.003442851181595573,1
2025-07-17,GOOGL,1.0,183.29605102539062,191.8727569580078,0.04679154779733428,1
2025-07-17,META,1.0,700.3656616210938,713.7357788085938,0.01909019519396911,1
2025-07-18,GOOGL,1.0,184.77377319335938,192.88119506835938,0.043877557593175645,1
2025-07-18,MSFT,1.0,508.2615966796875,511.9088439941406,0.007175925425567149,1
2025-07-21,META,1.0,711.908447265625,716.5615844726562,0.006536145518294554,1
2025-07-21,MSFT,1.0,508.2716064453125,510.7030334472656,0.004783715972170353,1
2025-07-22,META,1.0,703.7606201171875,698.957763671875,-0.0068245598119894045,1
2025-07-23,META,1.0,712.517578125,694.1749267578125,-0.025743436976609677,1
2025-07-24,GOOGL,1.0,191.8727569580078,191.60317993164062,-0.0014049781253009546,1
2025-07-24,TSLA,1.0,305.29998779296875,308.2699890136719,0.00972814064675677,1
2025-07-25,MSFT,1.0,511.9088439941406,522.2722778320312,0.020244686059788502,1
2025-07-30,AAPL,1.0,208.6107940673828,212.8019561767578,0.02009082093815924,1
2025-07-30,AMZN,1.0,230.19000244140625,222.30999755859375,-0.03423261131776701,1
2025-07-30,NVDA,1.0,179.2499237060547,179.39988708496094,0.0008366161379916088,1
2025-07-31,META,1.0,772.2884521484375,760.6957397460938,-0.015010858145157888,1
2025-07-31,MSFT,1.0,531.62939453125,519.0137939453125,-0.023730065936367135,1
2025-08-04,TSLA,1.0,309.260009765625,339.0299987792969,0.09626200631705756,1
2025-08-07,AAPL,1.0,219.56771850585938,232.5545654296875,0.05914734193260544,1
2025-08-13,AMZN,1.0,224.55999755859375,223.80999755859375,-0.00333986466046476,1
2025-08-18,NVDA,1.0,181.98959350585938,179.78985595703125,-0.012087161174725641,1
2025-08-20,NVDA,1.0,175.38034057617188,181.57965087890625,0.03534780627274393,1
2025-08-21,GOOGL,1.0,199.44105529785156,211.31265258789062,0.05952434052411949,1
2025-08-22,NVDA,1.0,177.97006225585938,174.1604766845703,-0.02140576635755848,1
2025-08-25,AAPL,1.0,226.94000244140625,229.49752807617188,0.011269611382973143,1
2025-09-03,AAPL,1.0,238.2390594482422,226.5703582763672,-0.04897895919711706,1
2025-09-03,GOOGL,1.0,230.30325317382812,239.01365661621094,0.03782145203050337,1
2025-09-08,NVDA,1.0,168.2911376953125,177.74009704589844,0.056146505870636375,1
2025-09-09,AAPL,1.0,234.123046875,237.9193572998047,0.016215022294800242,1
2025-09-10,AAPL,1.0,226.5703582763672,238.75856018066406,0.05379433566252248,1
2025-09-11,NVDA,1.0,177.16014099121094,176.23019409179688,-0.005249188074761117,1
2025-09-15,TSLA,1.0,410.0400085449219,434.2099914550781,0.05894542582790018,1
