date,ticker,daily_rating,close,close_5d,5d_return,ai_status
2022-12-01,AMZN,1.0,95.5,90.3499984741211,-0.05392671754847022,1
2022-12-05,AAPL,1.0,144.45079040527344,142.34259033203125,-0.014594590083774466,1
2022-12-05,TSLA,1.0,182.4499969482422,167.82000732421875,-0.08018629689631458,1
2022-12-06,AAPL,1.0,140.7860870361328,143.30804443359375,0.01791339933195015,1
2022-12-08,NVDA,1.0,17.151830673217773,16.935047149658203,-0.01263908953451093,1
2022-12-14,AAPL,1.0,141.0816192626953,133.4369354248047,-0.05418624961807499,1
2022-12-14,TSLA,1.0,156.8000030517578,137.57000732421875,-0.12264027648769542,1
2022-12-15,TSLA,1.0,157.6699981689453,125.3499984741211,-0.20498509589752736,1
2022-12-16,AMZN,1.0,87.86000061035156,85.25,-0.02970635775347417,1
2022-12-16,TSLA,1.0,150.22999572753906,123.1500015258789,-0.18025690588964086,1
2022-12-19,AAPL,1.0,130.40272521972656,128.0974884033203,-0.017677826997265295,1
2022-12-19,TSLA,1.0,149.8699951171875,109.0999984741211,-0.2720357507931272,1
2022-12-20,AMZN,1.0,85.19000244140625,81.81999969482422,-0.039558664749422,1
2022-12-20,TSLA,1.0,137.8000030517578,112.70999908447266,-0.18207549645598575,1
2022-12-21,GOOGL,1.0,88.90823364257812,87.78671264648438,-0.012614365960777045,1
2022-12-21,TSLA,1.0,137.57000732421875,121.81999969482422,-0.11448721953089402,1
2022-12-22,AAPL,1.0,130.26478576660156,127.99894714355469,-0.0173940993316999,1
2022-12-22,AMZN,1.0,83.79000091552734,84.0,0.0025062547103247585,1
2022-12-22,TSLA,1.0,125.3499984741211,123.18000030517578,-0.01731151332557308,1
2022-12-23,TSLA,1.0,123.1500015258789,108.0999984741211,-0.12220871185775166,1
2022-12-27,AAPL,1.0,128.0974884033203,124.48204040527344,-0.028224191146226735,1
2022-12-28,TSLA,1.0,112.70999908447266,110.33999633789062,-0.02102744003046072,1
2022-12-29,TSLA,1.0,121.81999969482422,113.05999755859375,-0.07190939220304937,1
2023-01-03,AAPL,1.0,123.2112045288086,128.78707885742188,0.04525460448127962,1
2023-01-03,TSLA,1.0,108.0999984741211,118.8499984741211,0.09944495977558711,1
2023-01-04,AAPL,1.0,124.48204040527344,131.5060577392578,0.056425949567635914,1
2023-01-04,AMZN,1.0,85.13999938964844,95.08999633789062,0.11686630279036549,1
2023-01-04,MSFT,1.0,223.75035095214844,230.26461791992188,0.029113996648731905,1
2023-01-04,TSLA,1.0,113.63999938964844,123.22000122070312,0.08430131892386597,1
2023-01-05,AMZN,-1.0,83.12000274658203,95.2699966430664,0.14617412770699162,1
2023-01-05,MSFT,1.0,217.11891174316406,232.94061279296875,0.0728711327943676,1
2023-01-05,TSLA,1.0,110.33999633789062,123.55999755859375,0.11981150679233249,1
2023-01-06,AAPL,1.0,127.69357299804688,132.7572021484375,0.039654534143766774,1
2023-01-06,GOOGL,1.0,86.68502044677734,91.42919158935547,0.054728846092744934,1
2023-01-06,TSLA,-1.0,113.05999755859375,122.4000015258789,0.08261103988123356,1
2023-01-09,GOOGL,1.0,87.35993194580078,90.60541534423828,0.03715070886789426,1
2023-01-09,MSFT,1.0,221.81658935546875,234.73765563964844,0.05825112685090127,1
2023-01-10,MSFT,1.0,223.50621032714844,230.3036651611328,0.03041282308905362,1
2023-01-10,TSLA,1.0,118.8499984741211,128.77999877929688,0.08355069779271375,1
2023-01-11,AAPL,1.0,131.5060577392578,133.25961303710938,0.013334407007534245,1
2023-01-11,AMZN,1.0,95.08999633789062,93.68000030517578,-0.014828016479300262,1
2023-01-11,MSFT,1.0,230.26461791992188,226.5142822265625,-0.016287068882912845,1
2023-01-11,NVDA,1.0,15.984996795654297,16.748233795166016,0.04774708492398406,1
2023-01-13,AMZN,1.0,98.12000274658203,97.5199966430664,-0.006115023305342559,1
2023-01-13,GOOGL,1.0,91.42919158935547,99.04167175292969,0.08326093702944315,1
2023-01-13,TSLA,1.0,122.4000015258789,143.75,0.17442808993435419,1
2023-01-17,AAPL,1.0,133.91966247558594,140.41172790527344,0.04847731326138183,1
2023-01-17,TSLA,1.0,131.49000549316406,143.88999938964844,0.09430369897679432,1
2023-01-18,GOOGL,1.0,90.43668365478516,94.50594329833984,0.04499567519622748,1
2023-01-18,MSFT,1.0,230.3036651611328,234.99160766601562,0.02035548371148534,1
2023-01-18,TSLA,1.0,128.77999877929688,144.42999267578125,0.12152503529143008,1
2023-01-19,AAPL,1.0,133.25961303710938,141.8204803466797,0.06424202437978213,1
2023-01-19,MSFT,1.0,226.5142822265625,242.20904541015625,0.06928818363822042,1
2023-01-19,TSLA,1.0,127.16999816894531,160.27000427246094,0.2602815646780326,1
2023-01-20,GOOGL,1.0,97.2849349975586,98.62481689453125,0.013772758310485392,1
2023-01-20,META,1.0,138.40318298339844,150.68740844726562,0.08875681323991436,1
2023-01-20,TSLA,1.0,133.4199981689453,177.89999389648438,0.33338327340715085,1
2023-01-23,AAPL,1.0,139.01283264160156,140.87474060058594,0.013393784757876897,1
2023-01-23,INTC,1.0,29.188688278198242,26.95156478881836,-0.07664350888459917,1
2023-01-23,NVDA,1.0,19.173805236816406,19.142837524414062,-0.001615105192728326,1
2023-01-23,TSLA,1.0,143.75,166.66000366210938,0.15937393851902174,1
2023-01-24,AAPL,1.0,140.41172790527344,142.14556884765625,0.012348262985215316,1
2023-01-24,AMZN,1.0,96.31999969482422,103.12999725341797,0.07070180211970752,1
2023-01-25,AMZN,1.0,97.18000030517578,105.1500015258789,0.08201277213083775,1
2023-01-25,GOOGL,1.0,94.50594329833984,99.67687225341797,0.0547153837590335,1
2023-01-25,META,1.0,140.5184326171875,152.05784606933594,0.08212028299223283,1
2023-01-25,MSFT,1.0,234.99160766601562,246.84812927246094,0.05045508528669042,1
2023-01-25,TSLA,1.0,144.42999267578125,181.41000366210938,0.25604107776520796,1
2023-01-26,GOOGL,1.0,96.78868865966797,106.93206024169922,0.1047991425702414,1
2023-01-26,MSFT,1.0,242.20904541015625,258.42144775390625,0.06693557755572652,1
2023-01-26,TSLA,1.0,160.27000427246094,188.27000427246094,0.1747051803430395,1
2023-01-27,INTC,-1.0,27.154062271118164,29.236902236938477,0.07670454405769263,1
2023-01-30,AMZN,1.0,100.55000305175781,102.18000030517578,0.016210812570328144,1
2023-01-30,GOOGL,1.0,96.21305084228516,102.12834930419922,0.06148124823118402,1
2023-01-31,AAPL,1.0,142.14556884765625,152.3515625,0.0717995906244673,1
2023-01-31,GOOGL,1.0,98.09878540039062,106.83280944824219,0.08903294788211297,1
2023-02-01,AMZN,1.0,105.1500015258789,100.05000305175781,-0.048502124584999765,1
2023-02-02,META,1.0,187.46054077148438,176.68577575683594,-0.05747750950843008,1
2023-02-03,AAPL,1.0,152.2038116455078,148.99282836914062,-0.02109660225754246,1
2023-02-03,AMZN,1.0,103.38999938964844,97.61000061035156,-0.05590481490877712,1
2023-02-03,GOOGL,1.0,103.99424743652344,93.86082458496094,-0.09744214801638708,1
2023-02-03,META,1.0,185.23606872558594,172.94192504882812,-0.06637013925711581,1
2023-02-07,TSLA,1.0,196.80999755859375,209.25,0.0632081835055287,1
2023-02-08,GOOGL,1.0,98.62481689453125,96.21305084228516,-0.02445394707120441,1
2023-02-08,MSFT,1.0,260.501708984375,263.6900329589844,0.012239167209458161,1
2023-02-09,AMZN,1.0,98.23999786376953,98.1500015258789,-0.0009160865212499688,1
2023-02-09,INTC,1.0,27.06524085998535,27.523971557617188,0.01694907132010959,1
2023-02-10,GOOGL,1.0,93.86082458496094,93.64246368408203,-0.0023264327992478942,1
2023-02-10,META,1.0,172.94192504882812,171.68077087402344,-0.0072923565205407275,1
2023-02-10,NVDA,1.0,21.24373435974121,21.36661148071289,0.005784158231828717,1
2023-02-10,TSLA,1.0,196.88999938964844,208.30999755859375,0.05800192089159874,1
2023-02-13,META,1.0,178.18533325195312,170.8863067626953,-0.04096311607721959,1
2023-02-13,MSFT,1.0,264.9844970703125,247.38804626464844,-0.06640558598790373,1
2023-02-14,AAPL,1.0,151.15359497070312,146.92086791992188,-0.028002820916046656,1
2023-02-14,AMZN,1.0,99.69999694824219,95.79000091552734,-0.03921761436707628,1
2023-02-14,NVDA,1.0,22.948026657104492,20.733245849609375,-0.09651290895679006,1
2023-02-14,TSLA,1.0,209.25,200.86000061035156,-0.04009557653356482,1
2023-02-15,AMZN,1.0,101.16000366210938,95.81999969482422,-0.05278770041489545,1
2023-02-15,INTC,-1.0,28.158390045166016,24.99605941772461,-0.11230509352164782,1
2023-02-16,NVDA,1.0,21.979995727539062,23.262712478637695,0.05835837126626453,1
2023-02-17,MSFT,1.0,252.6654052734375,244.93051147460938,-0.03061318897400034,1
2023-02-17,NVDA,1.0,21.36661148071289,23.477497100830078,0.09879365392227174,1
2023-02-21,NVDA,1.0,20.63434600830078,23.19278335571289,0.1239892626780079,1
2023-02-22,NVDA,1.0,20.733245849609375,22.67530059814453,0.09366863069207977,1
2023-02-23,INTC,1.0,24.99605941772461,25.571918487548828,0.023037994117419937,1
2023-02-23,MSFT,1.0,249.44418334960938,245.8606719970703,-0.014365984824414925,1
2023-02-23,NVDA,1.0,23.640335083007812,23.290681838989258,-0.01479053671577939,1
2023-02-23,TSLA,1.0,202.07000732421875,190.89999389648438,-0.05527793845136172,1
2023-03-01,INTC,1.0,24.722774505615234,25.35719108581543,0.025661220995082955,1
2023-03-01,MSFT,1.0,241.1218719482422,248.39654541015625,0.030170110256425024,1
2023-03-02,TSLA,1.0,190.89999389648438,172.9199981689453,-0.0941854180324842,1
2023-03-03,AAPL,1.0,149.0125732421875,146.516357421875,-0.01675171273135083,1
2023-03-03,TSLA,1.0,197.7899932861328,173.44000244140625,-0.12311032747496309,1
2023-03-06,AAPL,1.0,151.77516174316406,148.4600372314453,-0.021842338849413633,1
2023-03-08,AAPL,1.0,150.82797241210938,150.94638061523438,0.0007850546634776182,1
2023-03-08,GOOGL,1.0,93.54322052001953,95.38926696777344,0.019734689884435046,1
2023-03-08,META,-1.0,183.6868896484375,196.3782196044922,0.06909219259112565,1
2023-03-09,NVDA,1.0,23.416542053222656,25.519786834716797,0.08981876046060719,1
2023-03-10,AAPL,1.0,146.516357421875,152.92953491210938,0.043771068316750844,1
2023-03-14,META,1.0,192.6741180419922,200.75762939453125,0.04195431869462254,1
2023-03-15,META,1.0,196.3782196044922,198.42393493652344,0.010417221095859523,1
2023-03-16,AMZN,1.0,100.04000091552734,98.70999908447266,-0.013294700308706775,1
2023-03-16,GOOGL,1.0,99.56769561767578,104.80809020996094,0.052631474091832386,1
2023-03-16,META,1.0,203.50843811035156,202.86294555664062,-0.0031718220615546268,1
2023-03-16,NVDA,1.0,25.519786834716797,27.168420791625977,0.06460218369325871,1
2023-03-17,META,1.0,194.25308227539062,204.58091735839844,0.053166904545515245,1
2023-03-17,MSFT,1.0,273.5887145996094,274.704833984375,0.004079551988827607,1
2023-03-20,AMZN,1.0,97.70999908447266,98.04000091552734,0.003377359882783265,1
2023-03-20,INTC,1.0,28.460960388183594,28.480480194091797,0.000685844948377334,1
2023-03-20,MSFT,1.0,266.5391540527344,270.6023864746094,0.015244411037153271,1
2023-03-21,AMZN,1.0,100.61000061035156,97.23999786376953,-0.033495703470210476,1
2023-03-21,GOOGL,1.0,104.13319396972656,100.27236938476562,-0.037075829884593285,1
2023-03-21,META,1.0,200.75762939453125,199.2879180908203,-0.007320824160673085,1
2023-03-21,NVDA,1.0,26.177244186401367,26.38806915283203,0.008053749467645798,1
2023-03-21,TSLA,1.0,197.5800018310547,189.19000244140625,-0.042463808644067624,1
2023-03-22,META,1.0,198.42393493652344,203.925537109375,0.027726504741535065,1
2023-03-22,NVDA,1.0,26.446022033691406,26.961591720581055,0.019495169679312405,1
2023-03-24,META,1.0,204.58091735839844,210.4698028564453,0.028785116295721436,1
2023-03-24,MSFT,1.0,274.704833984375,282.273193359375,0.027550878028708016,1
2023-03-27,META,1.0,201.4329071044922,211.5919647216797,0.05043395224355048,1
2023-03-27,NVDA,1.0,26.508970260620117,27.9417781829834,0.054049927563265675,1
2023-03-27,TSLA,1.0,191.80999755859375,194.77000427246094,0.015431973054287592,1
2023-03-28,NVDA,1.0,26.38806915283203,27.43020248413086,0.03949259512937815,1
2023-03-29,NVDA,1.0,26.961591720581055,26.858680725097656,-0.0038169480700518737,1
2023-03-29,TSLA,1.0,193.8800048828125,185.52000427246094,-0.043119457395333904,1
2023-03-30,AAPL,1.0,160.19122314453125,162.46051025390625,0.014166113878333733,1
2023-03-30,GOOGL,1.0,100.13341522216797,107.60694885253906,0.07463576083757274,1
2023-03-30,INTC,1.0,31.320720672607422,32.023460388183594,0.022436894825053507,1
2023-03-30,META,1.0,206.39825439453125,214.6009521484375,0.039742088798031955,1
2023-03-30,NVDA,1.0,27.360261917114258,27.014549255371094,-0.012635575740849014,1
2023-03-31,GOOGL,1.0,102.9521255493164,105.64179992675781,0.026125486609336602,1
2023-03-31,TSLA,1.0,207.4600067138672,184.50999450683594,-0.110623789956222,1
2023-04-03,AMZN,1.0,102.41000366210938,99.91999816894531,-0.02431408460231643,1
2023-04-03,GOOGL,1.0,103.57740020751953,104.55997467041016,0.009486378890781348,1
2023-04-03,INTC,-1.0,32.10154724121094,31.574481964111328,-0.016418687645777395,1
2023-04-03,MSFT,1.0,281.2256164550781,276.9175720214844,-0.015318819415876008,1
2023-04-03,TSLA,1.0,194.77000427246094,186.7899932861328,-0.04097145767458629,1
2023-04-05,AAPL,1.0,161.572509765625,163.3484649658203,0.010991691611224522,1
2023-04-05,AMZN,1.0,101.0999984741211,102.4000015258789,0.012858586264871,1
2023-04-05,META,1.0,210.01295471191406,218.82147216796875,0.04194273380962522,1
2023-04-05,MSFT,1.0,278.39599609375,283.78106689453125,0.019343204917960904,1
2023-04-06,AMZN,1.0,102.05999755859375,102.51000213623047,0.004409216033719443,1
2023-04-06,GOOGL,1.0,107.60694885253906,108.05358123779297,0.004150590552158079,1
2023-04-06,META,1.0,214.6009521484375,219.9535675048828,0.0249421789738517,1
2023-04-11,NVDA,1.0,27.146438598632812,27.644027709960938,0.018329811828546278,1
2023-04-12,AMZN,1.0,97.83000183105469,104.30000305175781,0.06613514361245078,1
2023-04-12,MSFT,1.0,277.56378173828125,282.4201354980469,0.017496352475643774,1
2023-04-13,META,1.0,218.82147216796875,211.5919647216797,-0.03303838226963233,1
2023-04-14,META,1.0,219.9535675048828,211.41322326660156,-0.03882794143855685,1
2023-04-14,MSFT,1.0,280.15838623046875,279.7863464355469,-0.001327962371313137,1
2023-04-17,AAPL,1.0,163.02288818359375,163.1215362548828,0.0006051179217114999,1
2023-04-17,MSFT,1.0,282.76275634765625,275.8797607421875,-0.02434194550362255,1
2023-04-17,TSLA,1.0,187.0399932861328,162.5500030517578,-0.13093451194103894,1
2023-04-18,MSFT,1.0,282.3418273925781,269.6624755859375,-0.04490780527892101,1
2023-04-19,AAPL,1.0,165.39083862304688,161.572509765625,-0.0230867011087868,1
2023-04-19,AMZN,1.0,104.30000305175781,104.9800033569336,0.006519657576983368,1
2023-04-19,META,1.0,214.2037353515625,207.9474334716797,-0.02920724920886482,1
2023-04-19,MSFT,1.0,282.4201354980469,289.19549560546875,0.02399035782442903,1
2023-04-19,NVDA,1.0,27.907804489135742,26.933616638183594,-0.03490736261003229,1
2023-04-19,TSLA,1.0,180.58999633789062,153.75,-0.1486239375500733,1
2023-04-20,AMZN,1.0,103.80999755859375,109.81999969482422,0.05789425178281338,1
2023-04-20,GOOGL,1.0,104.50043487548828,106.78316497802734,0.021844216296888368,1
2023-04-20,META,1.0,211.5919647216797,236.90512084960938,0.11963193480067018,1
2023-04-20,TSLA,1.0,162.99000549316406,160.19000244140625,-0.017178986179463913,1
2023-04-21,AMZN,1.0,106.95999908447266,105.44999694824219,-0.014117447168617967,1
2023-04-21,META,1.0,211.41322326660156,238.65293884277344,0.12884584585242037,1
2023-04-21,TSLA,1.0,165.0800018310547,164.30999755859375,-0.004664430966320023,1
2023-04-24,AMZN,1.0,106.20999908447266,102.05000305175781,-0.03916764964291402,1
2023-04-24,TSLA,1.0,162.5500030517578,161.8300018310547,-0.004429413763061378,1
2023-04-26,GOOGL,1.0,102.9322738647461,104.6195297241211,0.01639190310312263,1
2023-04-26,MSFT,1.0,289.19549560546875,298.03668212890625,0.03057166054722711,1
2023-04-27,META,1.0,236.90512084960938,231.90013122558594,-0.021126557357958816,1
2023-04-28,AMZN,1.0,105.44999694824219,105.66000366210938,0.0019915288757216816,1
2023-04-28,INTC,1.0,30.315412521362305,30.37095069885254,0.0018320112731798847,1
2023-05-01,AMZN,1.0,102.05000305175781,105.83000183105469,0.03704065327053182,1
2023-05-02,AAPL,1.0,166.28866577148438,169.47552490234375,0.01916462024681099,1
2023-05-05,AAPL,1.0,171.25146484375,170.50035095214844,-0.004386029002945344,1
2023-05-10,AAPL,1.0,171.2415771484375,170.618896484375,-0.0036362703172415954,1
2023-05-10,INTC,-1.0,29.371326446533203,28.29330062866211,-0.03670334126153627,1
2023-05-10,NVDA,1.0,28.86101531982422,30.15294075012207,0.04476368609979035,1
2023-05-11,GOOGL,1.0,115.69583129882812,121.90888977050781,0.05370166238429214,1
2023-05-11,MSFT,1.0,303.6274108886719,312.5432434082031,0.02936438608568293,1
2023-05-12,TSLA,1.0,167.97999572753906,180.13999938964844,0.07238959382897421,1
2023-05-15,META,1.0,237.2030487060547,246.59744262695312,0.039604861624439325,1
2023-05-17,TSLA,1.0,173.86000061035156,182.89999389648438,0.05199581993786427,1
2023-05-18,NVDA,1.0,31.65169334411621,37.94845962524414,0.19893931780109472,1
2023-05-18,TSLA,1.0,176.88999938964844,184.47000122070312,0.04285150012555355,1
2023-05-19,MSFT,1.0,312.3666687011719,326.64361572265625,0.04570573128320081,1
2023-05-22,NVDA,1.0,31.150110244750977,40.077693939208984,0.28659878325671,1
2023-05-23,AAPL,1.0,169.50244140625,175.12423706054688,0.03316645829792505,1
2023-05-23,GOOGL,1.0,121.64091491699219,121.94859313964844,0.002529397471781676,1
2023-05-23,MSFT,1.0,309.3444519042969,322.2280578613281,0.04164809123849133,1
2023-05-24,GOOGL,1.0,119.99336242675781,122.7922134399414,0.02332504862418512,1
2023-05-24,MSFT,1.0,307.96087646484375,326.33941650390625,0.0596781651293961,1
2023-05-25,MSFT,1.0,319.80438232421875,329.10650634765625,0.029086918558880084,1
2023-05-25,NVDA,1.0,37.94845962524414,39.294334411621094,0.03546586079298059,1
2023-05-26,MSFT,1.0,326.64361572265625,329.6363830566406,0.00916217917611299,1
2023-05-26,TSLA,1.0,193.1699981689453,217.61000061035156,0.12652069510313488,1
2023-05-30,MSFT,1.0,324.99517822265625,327.41876220703125,0.007457292128545326,1
2023-05-31,AAPL,1.0,175.12423706054688,175.6873779296875,0.003215664939319202,1
2023-05-31,AMZN,1.0,120.58000183105469,121.2300033569336,0.005390624614433387,1
2023-05-31,MSFT,1.0,322.2280578613281,317.31207275390625,-0.01525622920626448,1
2023-05-31,NVDA,1.0,37.802581787109375,37.447750091552734,-0.009386440787428908,1
2023-06-02,AAPL,1.0,178.7798309326172,178.78970336914062,5.5221198453635746e-05,1
2023-06-02,MSFT,1.0,329.10650634765625,320.6580810546875,-0.025670793892005703,1
2023-06-05,AAPL,1.0,177.42626953125,181.58578491210938,0.023443627552157724,1
2023-06-05,GOOGL,1.0,125.0650405883789,122.71281433105469,-0.018808023779131038,1
2023-06-05,META,1.0,269.50738525390625,269.16973876953125,-0.0012528283188117425,1
2023-06-06,AAPL,1.0,177.06072998046875,181.11154174804688,0.022878092550646115,1
2023-06-06,TSLA,1.0,221.30999755859375,258.7099914550781,0.16899369350262813,1
2023-06-07,AMZN,1.0,121.2300033569336,126.41999816894531,0.04281114137010278,1
2023-06-08,AMZN,1.0,124.25,127.11000061035156,0.023018113564197685,1
2023-06-09,MSFT,1.0,320.6580810546875,335.9064636230469,0.047553401798593055,1
2023-06-09,TSLA,1.0,244.39999389648438,260.5400085449219,0.06603934145462215,1
2023-06-12,AMZN,1.0,126.56999969482422,125.77999877929688,-0.006241612684144211,1
2023-06-15,MSFT,1.0,341.5682067871094,328.7336120605469,-0.03757549582055209,1
2023-06-15,TSLA,1.0,255.89999389648438,256.6000061035156,0.0027354913002241655,1
2023-06-20,NVDA,1.0,43.77614974975586,41.845558166503906,-0.0441014478040687,1
2023-06-21,AMZN,1.0,124.83000183105469,129.0399932861328,0.03372579823219053,1
2023-06-22,AMZN,1.0,130.14999389648438,127.9000015258789,-0.017287687100431326,1
2023-06-22,INTC,1.0,32.05659484863281,32.25259780883789,0.006114278859953134,1
2023-06-22,MSFT,1.0,333.33563232421875,328.7630920410156,-0.013717526240205984,1
2023-06-22,NVDA,1.0,42.99372100830078,40.792320251464844,-0.05120284323403675,1
2023-06-23,META,1.0,286.7270812988281,284.9892883300781,-0.006060791191672841,1
2023-06-23,TSLA,-1.0,256.6000061035156,261.7699890136719,0.02014802333274542,1
2023-06-26,AMZN,1.0,127.33000183105469,130.22000122070312,0.0226969241191324,1
2023-06-26,TSLA,1.0,241.0500030517578,279.82000732421875,0.1608380161029756,1
2023-06-27,META,1.0,285.05877685546875,292.3280029296875,0.025500797254540988,1
2023-06-28,AMZN,1.0,129.0399932861328,128.36000061035156,-0.005269627333856386,1
2023-06-30,AAPL,1.0,191.64366149902344,186.3479766845703,-0.02763297660371674,1
2023-06-30,NVDA,1.0,42.27124786376953,42.149330139160156,-0.0028841761426652854,1
2023-07-03,TSLA,1.0,279.82000732421875,269.7900085449219,-0.0358444661452511,1
2023-07-05,GOOGL,1.0,120.83699035644531,118.03813171386719,-0.023162267070058955,1
2023-07-05,META,1.0,292.3280029296875,307.1941223144531,0.05085424330128686,1
2023-07-05,MSFT,1.0,331.8049011230469,330.8727722167969,-0.002809268046056765,1
2023-07-06,META,1.0,289.9645080566406,311.23590087890625,0.07335860848911394,1
2023-07-06,MSFT,1.0,334.8663330078125,336.2303161621094,0.004073216743067011,1
2023-07-06,TSLA,1.0,276.5400085449219,277.8999938964844,0.004917861103419979,1
2023-07-07,META,1.0,288.5146179199219,306.7274169921875,0.06312608769556571,1
2023-07-07,NVDA,1.0,42.47209548950195,45.435943603515625,0.06978342085208067,1
2023-07-07,TSLA,1.0,274.42999267578125,281.3800048828125,0.02532526470327234,1
2023-07-10,AAPL,1.0,186.3479766845703,191.66346740722656,0.028524542188369115,1
2023-07-10,AMZN,1.0,127.12999725341797,133.55999755859375,0.05057815184529871,1
2023-07-10,GOOGL,1.0,115.57672882080078,123.7152328491211,0.07041645936301665,1
2023-07-10,MSFT,1.0,325.60345458984375,339.2427062988281,0.04188914926030337,1
2023-07-11,AAPL,1.0,185.82432556152344,191.4065704345703,0.03004044199368658,1
2023-07-11,AMZN,1.0,128.77999877929688,132.8300018310547,0.03144900675685443,1
2023-07-11,NVDA,1.0,42.37417221069336,47.45947265625,0.12000943452703806,1
2023-07-12,AMZN,1.0,130.8000030517578,135.36000061035156,0.03486236584252487,1
2023-07-12,META,1.0,307.1941223144531,313.81787109375,0.021562094773794557,1
2023-07-12,MSFT,1.0,330.8727722167969,348.41717529296875,0.05302462018445055,1
2023-07-12,TSLA,1.0,271.989990234375,291.260009765625,0.07084826730073757,1
2023-07-13,AMZN,1.0,134.3000030517578,129.9600067138672,-0.03231568309211457,1
2023-07-13,GOOGL,1.0,123.60607147216797,118.30611419677734,-0.04287780699012023,1
2023-07-13,META,1.0,311.23590087890625,300.42144775390625,-0.034746804897702405,1
2023-07-13,MSFT,1.0,336.2303161621094,340.36138916015625,0.012286438192727178,1
2023-07-14,AMZN,1.0,134.67999267578125,130.0,-0.03474898225638846,1
2023-07-14,GOOGL,1.0,124.47946166992188,119.11995697021484,-0.04305533320764718,1
2023-07-14,NVDA,1.0,45.435943603515625,44.27677917480469,-0.025512058004694915,1
2023-07-17,GOOGL,1.0,123.7152328491211,120.61864471435547,-0.025029966508183506,1
2023-07-17,META,1.0,308.46527099609375,289.587158203125,-0.061200123864860664,1
2023-07-17,TSLA,1.0,290.3800048828125,269.05999755859375,-0.07342105849479126,1
2023-07-18,AMZN,1.0,132.8300018310547,129.1300048828125,-0.0278551298444472,1
2023-07-18,GOOGL,1.0,122.83191680908203,121.29354095458984,-0.012524235511876682,1
2023-07-18,MSFT,1.0,352.7445068359375,344.39422607421875,-0.02367231976656263,1
2023-07-18,NVDA,1.0,47.45947265625,45.64579391479492,-0.03821531593053284,1
2023-07-19,AMZN,1.0,135.36000061035156,128.14999389648438,-0.053265415790163695,1
2023-07-19,META,1.0,313.81787109375,296.4988708496094,-0.05518806237445523,1
2023-07-19,MSFT,1.0,348.41717529296875,331.43206787109375,-0.04874934023442721,1
2023-07-19,TSLA,1.0,291.260009765625,264.3500061035156,-0.09239168701451214,1
2023-07-20,AAPL,1.0,190.81373596191406,190.90267944335938,0.0004661272470607954,1
2023-07-20,GOOGL,1.0,118.30611419677734,128.4296112060547,0.08557036192093195,1
2023-07-20,INTC,-1.0,32.70341110229492,33.85983657836914,0.03536100477277332,1
2023-07-20,MSFT,1.0,340.36138916015625,324.51434326171875,-0.046559470031369246,1
2023-07-20,NVDA,1.0,45.48690414428711,45.866634368896484,0.008348121987041558,1
2023-07-20,TSLA,1.0,262.8999938964844,255.7100067138672,-0.027348753706887535,1
2023-07-21,GOOGL,1.0,119.11995697021484,131.58578491210938,0.10464936572308811,1
2023-07-21,META,1.0,292.2187194824219,323.2221984863281,0.10609682726287914,1
2023-07-21,MSFT,1.0,337.3194580078125,332.02081298828125,-0.015708091821398963,1
2023-07-24,AAPL,1.0,190.43832397460938,194.09393310546875,0.019195764038265572,1
2023-07-24,MSFT,1.0,338.6343078613281,329.61669921875,-0.026629341544067254,1
2023-07-24,NVDA,1.0,44.57956314086914,46.69502639770508,0.04745365606547516,1
2023-07-25,AAPL,1.0,191.29786682128906,193.26400756835938,0.010277902099698194,1
2023-07-26,GOOGL,1.0,128.30059814453125,127.41726684570312,-0.006884857215030658,1
2023-07-26,MSFT,1.0,331.43206787109375,321.354736328125,-0.030405420959109482,1
2023-07-27,META,1.0,309.54766845703125,311.01739501953125,0.004747981368510986,1
2023-07-27,MSFT,1.0,324.51434326171875,320.5304870605469,-0.012276364000215917,1
2023-07-28,INTC,1.0,36.094295501708984,34.561946868896484,-0.04245403910820054,1
2023-07-28,MSFT,1.0,332.02081298828125,321.6295166015625,-0.031297123494139246,1
2023-07-31,AAPL,1.0,194.09393310546875,176.70504760742188,-0.08959005168182112,1
2023-07-31,AMZN,1.0,133.67999267578125,142.22000122070312,0.06388396927604759,1
2023-07-31,MSFT,1.0,329.61669921875,323.9158020019531,-0.017295535178615075,1
2023-08-01,AAPL,1.0,193.26400756835938,177.64364624023438,-0.08082395436511852,1
2023-08-01,META,1.0,320.4713439941406,310.4713134765625,-0.031204133239947224,1
2023-08-02,AAPL,1.0,190.27037048339844,176.05291748046875,-0.07472236989295292,1
2023-08-02,META,-1.0,312.1296691894531,303.0928039550781,-0.028952278896915436,1
2023-08-02,MSFT,1.0,321.354736328125,316.1836853027344,-0.01609141064630406,1
2023-08-04,AAPL,1.0,179.80735778808594,175.89492797851562,-0.021759008405992777,1
2023-08-04,AMZN,1.0,139.57000732421875,138.41000366210938,-0.008311267473209386,1
2023-08-04,INTC,1.0,34.561946868896484,34.316062927246094,-0.00711429661596032,1
2023-08-09,AMZN,1.0,137.85000610351562,135.07000732421875,-0.020166838274996463,1
2023-08-11,GOOGL,1.0,128.5884246826172,126.50416564941406,-0.016208760923446315,1
2023-08-14,NVDA,1.0,43.721195220947266,46.93285369873047,0.07345770081428298,1
2023-08-15,AAPL,1.0,175.55853271484375,175.34088134765625,-0.001239765244227843,1
2023-08-15,NVDA,1.0,43.908050537109375,45.634796142578125,0.03932640106645983,1
2023-08-16,NVDA,1.0,43.45438766479492,47.08175277709961,0.08347523247332374,1
2023-08-17,AAPL,1.0,172.1453399658203,174.49996948242188,0.013678148459139686,1
2023-08-17,NVDA,1.0,43.31249237060547,47.12871170043945,0.08810897551635487,1
2023-08-18,META,1.0,281.2851257324219,283.5195007324219,0.007943452374817337,1
2023-08-21,NVDA,1.0,46.93285369873047,46.80094909667969,-0.002810496095070163,1
2023-08-22,AMZN,1.0,134.25,134.91000366210938,0.004916228395600558,1
2023-08-22,TSLA,1.0,233.19000244140625,257.17999267578125,0.10287743892623774,1
2023-08-24,AMZN,1.0,131.83999633789062,138.00999450683594,0.04679913789691197,1
2023-08-24,NVDA,1.0,47.12871170043945,49.31912612915039,0.0464772821000009,1
2023-08-29,GOOGL,1.0,133.56088256835938,133.45167541503906,-0.0008176582186361182,1
2023-08-30,AAPL,1.0,185.6498260498047,175.6674041748047,-0.053770165517537265,1
2023-08-30,GOOGL,1.0,134.86102294921875,134.2456817626953,-0.004562780061034694,1
2023-08-31,GOOGL,1.0,135.14886474609375,135.35728454589844,0.001542149837486604,1
2023-09-07,AAPL,1.0,175.6674041748047,173.86679077148438,-0.010250128142888375,1
2023-09-07,META,1.0,296.5981750488281,309.5576477050781,0.04369370328767707,1
2023-09-08,AAPL,1.0,176.28076171875,173.14456176757812,-0.017790937142508925,1
2023-09-12,TSLA,1.0,267.4800109863281,266.5,-0.0036638662557039333,1
2023-09-13,AAPL,1.0,172.35308837890625,173.61944580078125,0.007347459994978456,1
2023-09-13,GOOGL,1.0,135.68478393554688,132.73709106445312,-0.02172456472712494,1
2023-09-14,AAPL,1.0,173.86679077148438,172.07606506347656,-0.010299411981218363,1
2023-09-18,AAPL,1.0,176.07302856445312,174.2031707763672,-0.010619785456813786,1
2023-09-19,AAPL,1.0,177.16131591796875,170.12709045410156,-0.03970519990449978,1
2023-09-19,MSFT,1.0,323.1659240722656,306.9314270019531,-0.05023579486889892,1
2023-09-20,AMZN,1.0,135.2899932861328,125.9800033569336,-0.0688150668284015,1
2023-09-21,AAPL,1.0,172.07606506347656,168.87062072753906,-0.01862806622614862,1
2023-09-21,MSFT,1.0,314.1981201171875,308.40643310546875,-0.018433232539897457,1
2023-09-21,TSLA,1.0,255.6999969482422,246.3800048828125,-0.03644893303348848,1
2023-09-22,AMZN,1.0,129.1199951171875,127.12000274658203,-0.015489408660450333,1
2023-09-22,META,1.0,297.0053405761719,298.12750244140625,0.003778254838978487,1
2023-09-22,MSFT,1.0,311.7201843261719,310.4811706542969,-0.003974762412492816,1
2023-09-25,AAPL,1.0,174.2031707763672,171.89797973632812,-0.013232773145090136,1
2023-09-26,AMZN,1.0,125.9800033569336,124.72000122070312,-0.01000160424397323,1
2023-09-27,AMZN,1.0,125.9800033569336,127.0,0.008096496395356449,1
2023-09-27,META,1.0,295.6745910644531,303.4601745605469,0.02633159470370789,1
2023-09-27,TSLA,1.0,240.5,261.1600036621094,0.08590438113143191,1
2023-09-28,AAPL,1.0,168.87062072753906,173.04563903808594,0.024723177380173045,1
2023-09-28,AMZN,1.0,125.9800033569336,125.95999908447266,-0.00015878926756542685,1
2023-09-28,META,1.0,301.8514709472656,302.67572021484375,0.0027306451911315146,1
2023-09-28,TSLA,1.0,246.3800048828125,260.04998779296875,0.05548332916325009,1
2023-09-29,TSLA,1.0,250.22000122070312,260.5299987792969,0.041203730750124797,1
2023-10-02,AMZN,1.0,129.4600067138672,128.25999450683594,-0.00926936617331961,1
2023-10-02,MSFT,1.0,316.43023681640625,324.3164978027344,0.024922589780520112,1
2023-10-02,TSLA,1.0,251.60000610351562,259.6700134277344,0.03207475011307636,1
2023-10-03,GOOGL,1.0,131.43690490722656,137.02467346191406,0.042512934693886555,1
2023-10-03,NVDA,1.0,43.48894119262695,45.76847457885742,0.05241639193131097,1
2023-10-04,GOOGL,1.0,134.22581481933594,139.4960174560547,0.03926370380997344,1
2023-10-04,INTC,1.0,35.33895492553711,36.2733268737793,0.026440282408209507,1
2023-10-04,META,1.0,303.4601745605469,325.5459899902344,0.07277994702820847,1
2023-10-05,INTC,1.0,35.29961013793945,36.23398208618164,0.02646975262873908,1
2023-10-10,INTC,-1.0,35.83073043823242,35.46681594848633,-0.010156490958883341,1
2023-10-11,AMZN,1.0,131.8300018310547,128.1300048828125,-0.02806642567587823,1
2023-10-12,AMZN,1.0,132.3300018310547,128.39999389648438,-0.029698540619592387,1
2023-10-13,GOOGL,1.0,136.32994079589844,134.58311462402344,-0.012813224752222251,1
2023-10-13,NVDA,1.0,45.43169021606445,41.360328674316406,-0.08961501371367492,1
2023-10-16,AMZN,1.0,132.5500030517578,126.55999755859375,-0.04519053455491132,1
2023-10-16,MSFT,1.0,327.0893859863281,323.82476806640625,-0.00998081276797631,1
2023-10-16,TSLA,1.0,253.9199981689453,212.0800018310547,-0.16477629426435503,1
2023-10-17,AMZN,1.0,131.47000122070312,128.55999755859375,-0.022134354872517675,1
2023-10-17,META,1.0,321.75244140625,310.3818664550781,-0.03533951413538832,1
2023-10-17,MSFT,1.0,326.5190734863281,325.0145263671875,-0.00460783838161792,1
2023-10-18,AMZN,1.0,128.1300048828125,121.38999938964844,-0.05260286612279817,1
2023-10-18,NVDA,1.0,42.16879653930664,41.75206756591797,-0.009882401386537742,1
2023-10-19,AMZN,1.0,128.39999389648438,119.56999969482422,-0.0687694285155408,1
2023-10-19,MSFT,1.0,325.7913818359375,322.4186096191406,-0.010352551985231275,1
2023-10-19,TSLA,1.0,220.11000061035156,205.75999450683594,-0.06519470293818516,1
2023-10-20,NVDA,1.0,41.360328674316406,40.47389221191406,-0.02143204589553457,1
2023-10-20,TSLA,-1.0,211.99000549316406,207.3000030517578,-0.02212369602281786,1
2023-10-23,GOOGL,1.0,135.4763641357422,123.52666473388672,-0.08820504947920157,1
2023-10-23,META,1.0,311.8317565917969,300.5605163574219,-0.036145261013712626,1
2023-10-24,AMZN,1.0,128.55999755859375,133.08999633789062,0.03523645663754963,1
2023-10-24,META,1.0,310.3818664550781,299.18011474609375,-0.036090226007470756,1
2023-10-25,AAPL,1.0,169.2762908935547,172.11566162109375,0.016773587798686658,1
2023-10-25,GOOGL,1.0,124.66803741455078,125.50173950195312,0.00668737636921392,1
2023-10-25,INTC,1.0,32.28995132446289,36.676578521728516,0.13585115546279294,1
2023-10-25,MSFT,1.0,334.98541259765625,340.2953186035156,0.015851155919547423,1
2023-10-26,GOOGL,1.0,121.3630142211914,126.5339584350586,0.04260724939183556,1
2023-10-26,META,1.0,286.3497009277344,308.7135314941406,0.078099716863508,1
2023-10-26,MSFT,1.0,322.4186096191406,342.50775146484375,0.06230763748232018,1
2023-10-27,AAPL,1.0,166.42694091796875,174.76708984375,0.05011297377563456,1
2023-10-27,AMZN,1.0,127.73999786376953,138.60000610351562,0.08501650556881904,1
2023-10-27,INTC,1.0,34.95537185668945,37.51259994506836,0.07315694133831754,1
2023-10-27,META,1.0,294.671630859375,312.4176940917969,0.06022318192174651,1
2023-10-30,AAPL,1.0,168.47486877441406,177.319580078125,0.05249869828095195,1
2023-10-30,AMZN,1.0,132.7100067138672,139.74000549316406,0.052972635247122576,1
2023-10-30,MSFT,1.0,331.6814270019531,350.5807189941406,0.05698025410411723,1
2023-10-31,AAPL,1.0,168.9497528076172,179.88198852539062,0.06470702404768805,1
2023-11-03,AAPL,1.0,174.76708984375,184.65609741210938,0.05658392307842748,1
2023-11-06,AAPL,1.0,177.319580078125,183.07110595703125,0.03243593220992398,1
2023-11-06,AMZN,1.0,139.74000549316406,142.58999633789062,0.02039495300339015,1
2023-11-07,TSLA,1.0,222.17999267578125,237.41000366210938,0.06854807583215963,1
2023-11-09,NVDA,1.0,46.91972732543945,49.448097229003906,0.05388713975312456,1
2023-11-09,TSLA,-1.0,209.97999572753906,233.58999633789062,0.11243928512593589,1
2023-11-10,AMZN,1.0,143.55999755859375,145.17999267578125,0.011284446536203805,1
2023-11-14,META,1.0,333.9770812988281,334.6424560546875,0.0019922766953700834,1
2023-11-14,MSFT,1.0,364.0914001464844,367.58935546875,0.00960735496872021,1
2023-11-16,AAPL,1.0,187.93516540527344,188.19271850585938,0.001370435916187033,1
2023-11-16,INTC,1.0,42.777095794677734,43.3790283203125,0.014071374282254506,1
2023-11-16,MSFT,1.0,370.643798828125,371.8852233886719,0.0033493736155088046,1
2023-11-17,TSLA,-1.0,234.3000030517578,236.0800018310547,0.007597092428990136,1
2023-11-20,MSFT,1.0,371.8951110839844,377.0778503417969,0.013936024172799872,1
2023-11-21,GOOGL,1.0,135.94285583496094,133.9777069091797,-0.014455698416156602,1
2023-11-22,META,1.0,339.12109375,324.880615234375,-0.04199231123653747,1
2023-11-22,NVDA,1.0,48.68458938598633,46.73985290527344,-0.039945627666578935,1
2023-11-24,AAPL,1.0,188.19271850585938,189.4508514404297,0.006685343325497159,1
2023-11-24,MSFT,1.0,371.8852233886719,369.00811767578125,-0.007736542169312408,1
2023-11-27,AMZN,1.0,147.72999572753906,144.83999633789062,-0.019562712199481223,1
2023-11-27,NVDA,1.0,48.210899353027344,45.48065948486328,-0.05663117479248228,1
2023-11-28,META,1.0,336.6383972167969,316.0820617675781,-0.06106354955100491,1
2023-11-28,MSFT,1.0,377.0778503417969,367.0473327636719,-0.026600654398111635,1
2023-11-28,TSLA,1.0,246.72000122070312,238.72000122070312,-0.03242542137004777,1
2023-11-29,AMZN,1.0,146.32000732421875,144.52000427246094,-0.012301824505580638,1
2023-12-01,AMZN,1.0,147.02999877929688,147.4199981689453,0.0026525157647172126,1
2023-12-05,INTC,1.0,41.365989685058594,43.457977294921875,0.05057264737990562,1
2023-12-05,MSFT,1.0,367.0473327636719,368.88006591796875,0.004993179327846808,1
2023-12-07,AMZN,1.0,146.8800048828125,147.4199981689453,0.003676424756137798,1
2023-12-07,GOOGL,1.0,135.9031524658203,130.95057678222656,-0.03644194850328674,1
2023-12-08,AAPL,1.0,193.87901306152344,195.72161865234375,0.009503894009588341,1
2023-12-12,INTC,1.0,43.457977294921875,46.04335021972656,0.059491331298265275,1
2023-12-13,GOOGL,1.0,131.57586669921875,137.3025665283203,0.043523937730866304,1
2023-12-13,MSFT,1.0,368.8702087402344,365.1752624511719,-0.0100169279099049,1
2023-12-14,AMZN,1.0,147.4199981689453,153.83999633789062,0.04354903166928484,1
2023-12-14,MSFT,1.0,360.5542297363281,368.0523986816406,0.020796230710691928,1
2023-12-15,MSFT,1.0,365.28369140625,369.07708740234375,0.010384794299165487,1
2023-12-15,TSLA,1.0,253.5,252.5399932861328,-0.0037870087332038953,1
2023-12-19,AMZN,1.0,153.7899932861328,153.33999633789062,-0.0029260482988964637,1
2023-12-20,AAPL,1.0,193.00726318359375,191.76895141601562,-0.00641588169871208,1
2023-12-20,AMZN,1.0,152.1199951171875,153.3800048828125,0.0082829989880971,1
2023-12-21,AMZN,1.0,153.83999633789062,151.94000244140625,-0.012350454639320663,1
2023-12-21,GOOGL,1.0,139.3669891357422,138.6424560546875,-0.005198742439280215,1
2023-12-21,META,1.0,351.63372802734375,351.5046081542969,-0.0003671999093239269,1
2023-12-22,TSLA,1.0,252.5399932861328,248.4199981689453,-0.01631422834687203,1
2023-12-27,META,1.0,355.3477478027344,344.7120361328125,-0.029930432191246418,1
2023-12-27,TSLA,1.0,261.44000244140625,237.92999267578125,-0.08992506711322437,1
2023-12-28,MSFT,1.0,369.766845703125,362.34747314453125,-0.02006500216233704,1
2024-01-02,MSFT,1.0,365.4216003417969,370.2693786621094,0.013266260986701753,1
2024-01-02,TSLA,1.0,248.4199981689453,234.9600067138672,-0.05418239897870164,1
2024-01-05,INTC,1.0,46.27030944824219,46.49726867675781,0.004905072631284233,1
2024-01-05,NVDA,1.0,49.069664001464844,54.679534912109375,0.11432462448646609,1
2024-01-08,META,1.0,356.1719970703125,364.91094970703125,0.024535765609314815,1
2024-01-09,AMZN,1.0,151.3699951171875,151.7100067138672,0.0022462284973746457,1
2024-01-09,GOOGL,1.0,139.8930206298828,140.4091033935547,0.0036891244563035303,1
2024-01-09,META,1.0,354.9505310058594,365.814697265625,0.030607550378861904,1
2024-01-09,MSFT,1.0,370.2693786621094,383.7484130859375,0.03640331931452659,1
2024-01-10,AMZN,1.0,153.72999572753906,153.5,-0.0014961018274318554,1
2024-01-11,AMZN,1.0,155.17999267578125,155.33999633789062,0.001031084351470952,1
2024-01-12,AMZN,1.0,154.6199951171875,154.77999877929688,0.0010348186985008451,1
2024-01-12,GOOGL,1.0,141.58026123046875,144.8952178955078,0.023413974774653602,1
2024-01-12,MSFT,1.0,382.7630310058594,390.6849670410156,0.02069671152498262,1
2024-01-16,MSFT,1.0,384.53662109375,393.0398254394531,0.0221128596842537,1
2024-01-16,NVDA,1.0,56.35060501098633,59.83966064453125,0.06191691522858862,1
2024-01-16,TSLA,1.0,219.91000366210938,209.13999938964844,-0.04897459912287117,1
2024-01-17,META,1.0,365.814697265625,387.98980712890625,0.06061842246644202,1
2024-01-17,NVDA,1.0,56.021793365478516,61.32783126831055,0.09471381732134432,1
2024-01-18,AAPL,1.0,186.86524963378906,192.35340881347656,0.029369608262868413,1
2024-01-18,META,1.0,373.5208435058594,390.4525451660156,0.04533000488335705,1
2024-01-18,MSFT,1.0,388.0837097167969,398.9220886230469,0.027927940892338098,1
2024-01-19,AMZN,1.0,155.33999633789062,159.1199951171875,0.02433371229824637,1
2024-01-19,GOOGL,1.0,145.2822723388672,151.04872131347656,0.03969134624463527,1
2024-01-19,INTC,1.0,47.51365661621094,43.07312774658203,-0.09345794842727102,1
2024-01-19,META,1.0,380.7900390625,391.40594482421875,0.027878633033193222,1
2024-01-19,MSFT,1.0,392.8132019042969,397.9959411621094,0.013193902935765377,1
2024-01-19,NVDA,1.0,59.4578742980957,60.99701690673828,0.02588627035211505,1
2024-01-22,AMZN,1.0,154.77999877929688,161.25999450683594,0.04186584687068635,1
2024-01-22,META,1.0,379.13165283203125,398.2381591796875,0.05039543969735787,1
2024-01-23,META,1.0,382.5279235839844,397.2848205566406,0.03857730655162579,1
2024-01-23,MSFT,1.0,393.0398254394531,402.58746337890625,0.024291782464481874,1
2024-01-23,NVDA,1.0,59.83966064453125,62.739044189453125,0.048452539899001744,1
2024-01-24,AMZN,1.0,156.8699951171875,155.1999969482422,-0.010645746292640375,1
2024-01-24,GOOGL,1.0,147.5848846435547,139.04937744140625,-0.0578345622775889,1
2024-01-24,META,1.0,387.98980712890625,387.43365478515625,-0.001433419985606022,1
2024-01-24,MSFT,1.0,396.6460876464844,391.7392272949219,-0.01237087798010956,1
2024-01-25,AAPL,1.0,192.35340881347656,185.11183166503906,-0.03764725144777442,1
2024-01-25,AMZN,1.0,157.75,159.27999877929688,0.009698882911549129,1
2024-01-25,META,1.0,390.4525451660156,392.04144287109375,0.004069374690341806,1
2024-01-25,MSFT,1.0,398.9220886230469,397.8481750488281,-0.0026920383825462277,1
2024-01-25,TSLA,1.0,182.6300048828125,188.86000061035156,0.034112662547080584,1
2024-01-26,INTC,1.0,43.07312774658203,42.03700256347656,-0.024055025425630674,1
2024-01-26,TSLA,1.0,183.25,187.91000366210938,0.025429760775494543,1
2024-01-29,GOOGL,1.0,152.35882568359375,142.6025390625,-0.06403492923576874,1
2024-01-29,META,1.0,398.2381591796875,456.2231140136719,0.1456037135000446,1
2024-01-29,MSFT,1.0,403.7008972167969,399.6906433105469,-0.009933725522775837,1
2024-01-29,NVDA,1.0,62.43021774291992,69.29339599609375,0.1099335946806331,1
2024-01-30,META,1.0,397.2848205566406,451.565673828125,0.13662956766239095,1
2024-01-30,TSLA,1.0,191.58999633789062,185.10000610351562,-0.03387436900895999,1
2024-01-31,GOOGL,1.0,139.04937744140625,144.4485626220703,0.03882926540206348,1
2024-01-31,MSFT,1.0,391.7392272949219,407.9672546386719,0.04142558675016911,1
2024-01-31,TSLA,1.0,187.2899932861328,187.5800018310547,0.001548446555170802,1
2024-02-01,GOOGL,1.0,140.1014404296875,144.81581115722656,0.033649694914486314,1
2024-02-01,MSFT,1.0,397.8481750488281,408.0263671875,0.025583106262640768,1
2024-02-02,AAPL,1.0,184.11126708984375,187.32192993164062,0.017438709170526298,1
2024-02-02,AMZN,1.0,171.80999755859375,174.4499969482422,0.015365807736235472,1
2024-02-02,META,1.0,471.6950378417969,464.8627624511719,-0.014484518263930723,1
2024-02-02,NVDA,1.0,66.1231689453125,72.09284973144531,0.09028122640447053,1
2024-02-05,AMZN,1.0,170.30999755859375,172.33999633789062,0.011919434022647266,1
2024-02-05,META,1.0,456.2231140136719,465.6473083496094,0.020656985686295325,1
2024-02-05,TSLA,1.0,181.05999755859375,188.1300048828125,0.03904787042720902,1
2024-02-06,META,1.0,451.565673828125,456.9281921386719,0.01187538960852892,1
2024-02-09,META,1.0,464.8627624511719,470.03662109375,0.011129862532539538,1
2024-02-12,AAPL,1.0,185.63568115234375,180.0908966064453,-0.02986917445761979,1
2024-02-12,NVDA,1.0,72.207763671875,69.413330078125,-0.03869990499149657,1
2024-02-13,NVDA,1.0,72.08785247802734,67.43444061279297,-0.06455195577719218,1
2024-02-14,NVDA,1.0,73.85885620117188,78.49427795410156,0.06276054073060693,1
2024-02-16,NVDA,1.0,72.57256317138672,79.0479736328125,0.08922670191672175,1
2024-02-20,NVDA,1.0,69.413330078125,78.65718078613281,0.1331711170981686,1
2024-02-22,NVDA,1.0,78.49427795410156,79.06795501708984,0.007308520798468022,1
2024-02-23,GOOGL,1.0,142.88043212890625,136.111572265625,-0.047374295853013705,1
2024-02-28,AAPL,1.0,179.95201110839844,167.75155639648438,-0.06779837933883842,1
2024-02-29,NVDA,1.0,79.06795501708984,92.62174224853516,0.1714194736478992,1
2024-03-05,NVDA,1.0,85.92017364501953,91.86612701416016,0.06920322803008312,1
2024-03-06,TSLA,1.0,176.5399932861328,169.47999572753906,-0.039990924589823874,1
2024-03-07,NVDA,1.0,92.62174224853516,87.8991470336914,-0.05098797647502079,1
2024-03-08,AAPL,1.0,169.3485107421875,171.22323608398438,0.011070220420484927,1
2024-03-11,NVDA,1.0,85.73025512695312,88.40990447998047,0.0312567523455891,1
2024-03-11,TSLA,1.0,177.77000427246094,173.8000030517578,-0.022332233364963323,1
2024-03-13,NVDA,1.0,90.84165954589844,90.32591247558594,-0.005677428977967041,1
2024-03-13,TSLA,1.0,169.47999572753906,175.66000366210938,0.03646452732100296,1
2024-03-14,NVDA,1.0,87.8991470336914,91.38836669921875,0.03969571700382871,1
2024-03-18,META,1.0,494.05615234375,500.0606384277344,0.012153448662666641,1
2024-03-18,NVDA,1.0,88.40990447998047,94.95354461669922,0.07401478573252493,1
2024-03-19,NVDA,1.0,89.35242462158203,92.51380920410156,0.03538107215230437,1
2024-03-20,NVDA,1.0,90.32591247558594,90.20398712158203,-0.0013498380549087868,1
2024-03-21,INTC,1.0,41.982078552246094,43.714012145996094,0.0412541173156692,1
2024-03-25,MSFT,1.0,417.41827392578125,416.0166015625,-0.003357956397305388,1
2024-03-26,MSFT,1.0,416.2239074707031,415.0393371582031,-0.0028459929649364956,1
2024-03-27,AMZN,1.0,179.8300018310547,180.0,0.0009453270712026188,1
2024-03-27,TSLA,1.0,179.8300018310547,171.11000061035156,-0.048490247077322086,1
2024-03-28,TSLA,1.0,175.7899932861328,164.89999389648438,-0.061948915214547054,1
2024-04-01,MSFT,1.0,419.10638427734375,419.1260681152344,4.6966208650258154e-05,1
2024-04-01,TSLA,-1.0,175.22000122070312,172.97999572753906,-0.012783960036289479,1
2024-04-02,META,1.0,494.4438781738281,513.8590087890625,0.039266601271193684,1
2024-04-02,TSLA,-1.0,166.6300048828125,176.8800048828125,0.0615135311747042,1
2024-04-03,TSLA,1.0,168.3800048828125,171.75999450683594,0.020073580745978776,1
2024-04-04,META,1.0,507.9141540527344,520.0820922851562,0.0239566827097292,1
2024-04-04,NVDA,1.0,85.8611831665039,90.5698013305664,0.054839893772852435,1
2024-04-04,TSLA,1.0,171.11000061035156,174.60000610351562,0.020396268369558577,1
2024-04-08,GOOGL,1.0,153.6887969970703,153.69869995117188,6.443510714545625e-05,1
2024-04-08,META,1.0,516.195068359375,497.28704833984375,-0.03662960221535377,1
2024-04-08,NVDA,1.0,87.08856964111328,85.95714569091797,-0.012991646950430372,1
2024-04-08,TSLA,1.0,172.97999572753906,161.47999572753906,-0.066481675824028,1
2024-04-10,AMZN,1.0,185.9499969482422,181.27999877929688,-0.025114268596870007,1
2024-04-10,NVDA,1.0,86.99462127685547,83.99214172363281,-0.03451339300239534,1
2024-04-11,AAPL,1.0,173.62367248535156,165.68838500976562,-0.0457039490179856,1
2024-04-11,META,1.0,520.0820922851562,498.8477783203125,-0.040828773533700465,1
2024-04-11,MSFT,1.0,422.4230651855469,399.0675354003906,-0.05528942832441564,1
2024-04-11,NVDA,1.0,90.5698013305664,84.62781524658203,-0.06560670330165573,1
2024-04-12,GOOGL,1.0,156.5471649169922,152.93446350097656,-0.023077399184656136,1
2024-04-12,META,1.0,508.88836669921875,478.23974609375,-0.060226608842060214,1
2024-04-12,MSFT,1.0,416.470703125,393.9838562011719,-0.053993826588755026,1
2024-04-12,TSLA,-1.0,171.0500030517578,147.0500030517578,-0.14030984841747046,1
2024-04-15,META,1.0,497.28704833984375,478.8959045410156,-0.03698295352799878,1
2024-04-15,MSFT,-1.0,408.3169860839844,395.8002014160156,-0.030654577435076984,1
2024-04-16,AAPL,1.0,168.0094757080078,165.5495147705078,-0.014641798786249955,1
2024-04-16,AMZN,1.0,183.32000732421875,179.5399932861328,-0.02061975718449883,1
2024-04-16,GOOGL,1.0,153.2421417236328,157.0731964111328,0.025000007467979545,1
2024-04-16,META,1.0,496.8198547363281,493.18133544921875,-0.007323618918250373,1
2024-04-17,AMZN,1.0,181.27999877929688,176.58999633789062,-0.02587159351824683,1
2024-04-17,GOOGL,1.0,154.3041229248047,157.93670654296875,0.02354171456542538,1
2024-04-17,META,1.0,491.2627258300781,490.5966491699219,-0.0013558461188578714,1
2024-04-17,MSFT,1.0,406.5401916503906,403.7958679199219,-0.006750436455809924,1
2024-04-17,TSLA,1.0,155.4499969482422,162.1300048828125,0.04297206861184084,1
2024-04-18,AMZN,1.0,179.22000122070312,173.6699981689453,-0.03096754276283694,1
2024-04-18,META,1.0,498.8477783203125,438.7832946777344,-0.12040643709955633,1
2024-04-18,MSFT,1.0,399.0675354003906,393.9049072265625,-0.012936728036893256,1
2024-04-19,GOOGL,1.0,152.93446350097656,170.66055297851562,0.11590644169896913,1
2024-04-22,AAPL,1.0,164.49810791015625,172.0961151123047,0.04618902489929083,1
2024-04-22,META,1.0,478.8959045410156,430.0747985839844,-0.10194513148702425,1
2024-04-22,TSLA,1.0,142.0500030517578,194.0500030517578,0.36606827795035746,1
2024-04-23,AMZN,1.0,179.5399932861328,175.0,-0.02528680770805994,1
2024-04-24,AMZN,1.0,176.58999633789062,179.0,0.013647452925351607,1
2024-04-24,TSLA,1.0,162.1300048828125,179.99000549316406,0.11015851521907227,1
2024-04-25,AMZN,1.0,173.6699981689453,184.72000122070312,0.0636264361620389,1
2024-04-25,META,1.0,438.7832946777344,439.0815124511719,0.0006796470536931605,1
2024-04-25,TSLA,-1.0,170.17999267578125,180.00999450683594,0.05776238250158075,1
2024-04-26,GOOGL,1.0,170.66055297851562,165.98587036132812,-0.027391699696273652,1
2024-04-26,INTC,1.0,31.55088996887207,30.581005096435547,-0.030740333264557874,1
2024-04-26,MSFT,1.0,401.0912170410156,401.42681884765625,0.0008367219036020585,1
2024-04-29,AAPL,1.0,172.0961151123047,180.2397003173828,0.04731998278847764,1
2024-04-29,GOOGL,1.0,164.9040069580078,166.83941650390625,0.011736582886013694,1
2024-04-29,MSFT,1.0,397.0735168457031,408.2182922363281,0.028067284565230007,1
2024-04-29,TSLA,1.0,194.0500030517578,184.75999450683594,-0.04787430249328059,1
2024-04-30,GOOGL,1.0,161.5592803955078,169.96578979492188,0.052033590263798966,1
2024-04-30,MSFT,1.0,384.31982421875,404.072265625,0.051395843153298176,1
2024-04-30,NVDA,1.0,86.35795593261719,90.50782012939453,0.04805421981056814,1
2024-05-01,AMZN,1.0,179.0,188.0,0.05027932960893855,1
2024-05-01,META,1.0,436.606201171875,469.8196105957031,0.07607177665979437,1
2024-05-02,AMZN,1.0,184.72000122070312,189.5,0.02587699625221278,1
2024-05-02,TSLA,1.0,180.00999450683594,171.97000122070312,-0.04466414938881347,1
2024-05-03,AAPL,1.0,181.8961639404297,181.8151092529297,-0.0004456096585222386,1
2024-05-06,AMZN,1.0,188.6999969482422,186.57000732421875,-0.011287703542505433,1
2024-05-13,AAPL,1.0,185.02333068847656,189.75120544433594,0.02555285724382342,1
2024-05-13,NVDA,1.0,90.35291290283203,94.73167419433594,0.04846286800086838,1
2024-05-14,NVDA,1.0,91.3094253540039,95.33735656738281,0.044112983930878306,1
2024-05-15,AMZN,1.0,185.99000549316406,183.1300048828125,-0.015377173643111053,1
2024-05-15,GOOGL,1.0,171.21633911132812,175.0573272705078,0.022433537471457113,1
2024-05-17,MSFT,1.0,415.55059814453125,425.3902893066406,0.023678683669436245,1
2024-05-17,NVDA,1.0,92.43184661865234,106.41471099853516,0.15127756169983445,1
2024-05-20,NVDA,1.0,94.73167419433594,113.8429183959961,0.20174080490179735,1
2024-05-21,NVDA,1.0,95.33735656738281,114.76644134521484,0.2037929881567451,1
2024-05-22,MSFT,1.0,425.7463073730469,410.0720520019531,-0.036815951423765786,1
2024-05-23,NVDA,1.0,103.74607849121094,109.57709503173828,0.05620469347206536,1
2024-05-24,AAPL,1.0,188.6983642578125,192.72105407714844,0.021318095867751487,1
2024-05-24,GOOGL,1.0,173.67776489257812,171.8713836669922,-0.010400762738415057,1
2024-05-24,MSFT,1.0,425.3902893066406,408.9347839355469,-0.03868331220704447,1
2024-05-29,AAPL,1.0,189.00628662109375,194.54864501953125,0.02932367223079951,1
2024-05-29,TSLA,-1.0,176.19000244140625,175.0,-0.006754086071381929,1
2024-05-30,AAPL,1.0,189.99952697753906,193.16798400878906,0.016676131154918936,1
2024-05-30,AMZN,1.0,179.32000732421875,185.0,0.03167517535013014,1
2024-06-04,AAPL,1.0,193.0388946533203,205.75253295898438,0.06586050095498402,1
2024-06-04,NVDA,1.0,116.37763214111328,120.85828399658203,0.03850097113194185,1
2024-06-05,META,1.0,492.1474304199219,505.8464050292969,0.027835103391043677,1
2024-06-07,MSFT,1.0,419.1502685546875,437.6626892089844,0.044166548474682696,1
2024-06-10,NVDA,1.0,121.72789764404297,130.92396545410156,0.07554609902940868,1
2024-06-11,AAPL,1.0,205.75253295898438,212.8443603515625,0.03446775255005897,1
2024-06-11,GOOGL,1.0,175.4967041015625,173.97642517089844,-0.008662720695792981,1
2024-06-11,NVDA,1.0,120.85828399658203,135.52198791503906,0.12132973788434505,1
2024-06-12,AAPL,1.0,211.63262939453125,208.26547241210938,-0.01591038674922254,1
2024-06-12,TSLA,1.0,177.2899932861328,181.57000732421875,0.024141317616151715,1
2024-06-13,MSFT,1.0,436.68365478515625,444.7927551269531,0.018569736359347975,1
2024-06-14,MSFT,1.0,437.6626892089844,442.7061767578125,0.011523686330090283,1
2024-06-14,TSLA,1.0,178.00999450683594,182.5800018310547,0.025672756953224067,1
2024-06-17,MSFT,1.0,443.3983459472656,445.9497985839844,0.005754312482307275,1
2024-06-17,TSLA,1.0,187.44000244140625,187.35000610351562,-0.0004801341054119857,1
2024-06-18,AAPL,1.0,212.8443603515625,211.81138610839844,-0.004853190572951346,1
2024-06-18,NVDA,1.0,135.52198791503906,126.34593200683594,-0.06770898250072707,1
2024-06-18,TSLA,-1.0,184.86000061035156,196.3699951171875,0.062263304494392685,1
2024-06-20,META,1.0,499.24359130859375,517.01611328125,0.035598898577890115,1
2024-06-20,TSLA,1.0,181.57000732421875,197.4199981689453,0.08729410257953109,1
2024-06-21,AMZN,1.0,189.0800018310547,193.25,0.02205414707300065,1
2024-06-21,MSFT,1.0,444.7927551269531,441.9941101074219,-0.006292020243748031,1
2024-06-24,NVDA,1.0,118.05945587158203,124.246826171875,0.05240893458820628,1
2024-06-24,TSLA,1.0,182.5800018310547,209.86000061035156,0.14941394734205152,1
2024-06-25,AAPL,1.0,207.65960693359375,218.78402709960938,0.0535704575881868,1
2024-06-25,TSLA,1.0,187.35000610351562,231.25999450683594,0.23437409646551563,1
2024-06-26,AAPL,1.0,211.81138610839844,220.05540466308594,0.03892150798006897,1
2024-06-26,AMZN,1.0,193.61000061035156,197.58999633789062,0.020556767289872463,1
2024-06-26,GOOGL,1.0,182.7105255126953,184.63819885253906,0.01055042304998356,1
2024-06-26,NVDA,1.0,126.34593200683594,128.22511291503906,0.014873299665092914,1
2024-06-26,TSLA,1.0,196.3699951171875,246.38999938964844,0.2547232546530877,1
2024-06-27,NVDA,1.0,123.93694305419922,125.77616882324219,0.014840012378219233,1
2024-06-28,AAPL,1.0,209.19912719726562,226.28309631347656,0.0816636730042449,1
2024-06-28,GOOGL,1.0,180.99151611328125,187.82777404785156,0.03777115127480091,1
2024-07-01,AAPL,1.0,215.28778076171875,227.1372833251953,0.055040293144141016,1
2024-07-01,AMZN,1.0,197.1999969482422,199.33999633789062,0.010851924050536924,1
2024-07-01,META,-1.0,502.2090148925781,527.405029296875,0.05017037459928168,1
2024-07-01,NVDA,1.0,124.246826171875,131.3238067626953,0.0569590452236621,1
2024-07-01,TSLA,-1.0,209.86000061035156,262.3299865722656,0.2500237577876283,1
2024-07-02,TSLA,1.0,231.25999450683594,263.260009765625,0.1383724639751436,1
2024-07-03,GOOGL,1.0,184.63819885253906,184.3898162841797,-0.0013452393378130018,1
2024-07-03,META,1.0,507.463134765625,510.1897277832031,0.005372987377373568,1
2024-07-03,TSLA,1.0,246.38999938964844,241.02999877929688,-0.02175413216294992,1
2024-07-08,META,1.0,526.7283325195312,493.730712890625,-0.06264637307635751,1
2024-07-08,NVDA,1.0,128.1451416015625,128.38504028320312,0.00187208565726615,1
2024-07-09,AMZN,1.0,199.33999633789062,193.02000427246094,-0.03170458604161407,1
2024-07-09,GOOGL,1.0,187.77810668945312,182.75025939941406,-0.026775471212701605,1
2024-07-09,NVDA,1.0,131.3238067626953,126.30593872070312,-0.03820988871469111,1
2024-07-10,AAPL,1.0,231.40829467773438,227.33595275878906,-0.017598081022188808,1
2024-07-10,AMZN,1.0,199.7899932861328,187.92999267578125,-0.059362335496783616,1
2024-07-10,META,1.0,532.0720825195312,459.7279968261719,-0.13596670088531432,1
2024-07-10,TSLA,1.0,263.260009765625,248.5,-0.056066281311641424,1
2024-07-11,AAPL,1.0,226.0347900390625,222.6676483154297,-0.014896564033576051,1
2024-07-11,TSLA,1.0,241.02999877929688,249.22999572753906,0.034020648839444466,1
2024-07-12,MSFT,1.0,448.5209045410156,432.2632141113281,-0.03624734157335312,1
2024-07-12,NVDA,1.0,129.18472290039062,117.87955474853516,-0.08751164919533441,1
2024-07-12,TSLA,1.0,248.22999572753906,239.1999969482422,-0.03637754878426673,1
2024-07-15,AAPL,1.0,232.81871032714844,222.4491424560547,-0.04453923766059355,1
2024-07-15,META,1.0,493.730712890625,485.01361083984375,-0.017655579900520243,1
2024-07-15,TSLA,1.0,252.63999938964844,251.50999450683594,-0.004472786912375208,1
2024-07-16,AMZN,1.0,193.02000427246094,186.41000366210938,-0.03424515834649498,1
2024-07-16,GOOGL,1.0,182.75025939941406,180.63381958007812,-0.011581049604478555,1
2024-07-16,META,1.0,487.3918762207031,486.29730224609375,-0.0022457780443466495,1
2024-07-16,MSFT,1.0,444.5356140136719,439.91741943359375,-0.010388806733347782,1
2024-07-16,TSLA,1.0,256.55999755859375,246.3800048828125,-0.03967879939450156,1
2024-07-17,AMZN,1.0,187.92999267578125,180.8300018310547,-0.037779977233200555,1
2024-07-17,GOOGL,1.0,179.8687286376953,171.53208923339844,-0.04634846461326327,1
2024-07-17,MSFT,1.0,438.6021423339844,424.1442565917969,-0.03296355477255783,1
2024-07-18,MSFT,1.0,435.487060546875,413.76068115234375,-0.04988983913149508,1
2024-07-18,TSLA,1.0,249.22999572753906,220.25,-0.11627812151158687,1
2024-07-19,META,1.0,474.4555969238281,463.41986083984375,-0.023259786912696315,1
2024-07-22,AMZN,1.0,182.5500030517578,183.1999969482422,0.003560634815766529,1
2024-07-22,META,1.0,485.01361083984375,463.42974853515625,-0.04450156000222992,1
2024-07-22,NVDA,1.0,123.48714447021484,111.54225158691406,-0.09672984936648119,1
2024-07-22,TSLA,1.0,251.50999450683594,232.10000610351562,-0.0771738254035577,1
2024-07-23,AMZN,1.0,186.41000366210938,181.7100067138672,-0.025213222766528664,1
2024-07-23,GOOGL,1.0,180.63381958007812,169.2069549560547,-0.06325982947483269,1
2024-07-23,MSFT,1.0,439.91741943359375,418.2305908203125,-0.04929749915609994,1
2024-07-23,TSLA,-1.0,246.3800048828125,222.6199951171875,-0.0964364367836024,1
2024-07-24,AAPL,-1.0,217.06570434570312,220.5818328857422,0.016198452678822108,1
2024-07-24,GOOGL,1.0,171.53208923339844,170.4490203857422,-0.006314088824409709,1
2024-07-24,META,1.0,459.01153564453125,472.505126953125,0.029397063604613822,1
2024-07-24,TSLA,1.0,215.99000549316406,232.07000732421875,0.07444789769017164,1
2024-07-25,AAPL,1.0,216.0227813720703,216.88693237304688,0.004000277172101484,1
2024-07-25,AMZN,1.0,179.85000610351562,184.07000732421875,0.023464003766973652,1
2024-07-26,AMZN,1.0,182.5,167.89999389648438,-0.08000003344392123,1
2024-07-26,TSLA,1.0,219.8000030517578,207.6699981689453,-0.05518655466058463,1
2024-07-29,TSLA,1.0,232.10000610351562,198.8800048828125,-0.14312796358086757,1
2024-07-30,AMZN,1.0,181.7100067138672,161.92999267578125,-0.10885484182075278,1
2024-07-30,GOOGL,1.0,169.2069549560547,157.2832794189453,-0.07046799902643548,1
2024-07-31,GOOGL,1.0,170.4490203857422,157.9291534423828,-0.07345226693016912,1
2024-07-31,MSFT,1.0,413.71124267578125,394.0121154785156,-0.0476156438724183,1
2024-08-01,META,1.0,495.302978515625,507.1347351074219,0.023887917305192678,1
2024-08-02,AAPL,1.0,218.37680053710938,214.78125,-0.01646489246232167,1
2024-08-02,AMZN,1.0,167.89999389648438,166.94000244140625,-0.005717638415579633,1
2024-08-02,INTC,-1.0,21.3445987701416,19.709999084472656,-0.07658142011812112,1
2024-08-02,META,1.0,485.75,515.23486328125,0.060699667074112194,1
2024-08-05,AAPL,1.0,207.85824584960938,216.31259155273438,0.040673612290762474,1
2024-08-06,AAPL,1.0,205.83200073242188,220.03167724609375,0.06898672928963662,1
2024-08-06,AMZN,1.0,161.92999267578125,170.22999572753906,0.05125673702941621,1
2024-08-06,GOOGL,1.0,157.2832794189453,163.11595153808594,0.037083866388648426,1
2024-08-06,META,1.0,491.6708679199219,525.9521484375,0.06972404255434043,1
2024-08-14,GOOGL,1.0,159.3500518798828,164.7952117919922,0.03417105829506668,1
2024-08-16,META,1.0,524.837646484375,525.4147338867188,0.0010995541310905763,1
2024-08-19,GOOGL,1.0,165.6099853515625,165.1032257080078,-0.0030599582656741435,1
2024-08-19,TSLA,1.0,222.72000122070312,213.2100067138672,-0.04269932855025473,1
2024-08-20,TSLA,1.0,221.10000610351562,209.2100067138672,-0.05377656744198244,1
2024-08-23,NVDA,1.0,129.31463623046875,119.31893157958984,-0.07729755070465678,1
2024-08-26,NVDA,1.0,126.40589904785156,107.95379638671875,-0.14597501224327894,1
2024-08-27,AAPL,1.0,226.75384521484375,219.61404418945312,-0.031487011912083945,1
2024-08-27,NVDA,1.0,128.2451171875,106.16455841064453,-0.17217465476344584,1
2024-08-28,AAPL,1.0,225.22247314453125,221.13546752929688,-0.018146526668373963,1
2024-08-29,GOOGL,1.0,160.75108337402344,149.9601593017578,-0.0671281576818871,1
2024-08-29,NVDA,1.0,117.53968811035156,102.7860107421875,-0.12552081433390094,1
2024-08-29,TSLA,1.0,206.27999877929688,210.72999572753906,0.021572605073569586,1
2024-08-30,GOOGL,1.0,162.34092712402344,147.96029663085938,-0.08858290233970209,1
2024-09-03,AMZN,1.0,176.25,179.5500030517578,0.018723421570257092,1
2024-09-03,GOOGL,1.0,156.3592071533203,147.91053771972656,-0.05403371881586278,1
2024-09-04,META,-1.0,510.22955322265625,509.3239440917969,-0.001774905285551308,1
2024-09-05,AAPL,1.0,221.13546752929688,221.52328491210938,0.0017537547782158485,1
2024-09-05,AMZN,1.0,177.88999938964844,187.0,0.051211426396135455,1
2024-09-05,GOOGL,1.0,156.23995971679688,153.91014099121094,-0.014911798043272702,1
2024-09-05,META,1.0,514.329345703125,523.0264892578125,0.01690967786953296,1
2024-09-05,NVDA,1.0,107.16413116455078,119.0992202758789,0.11137205127900274,1
2024-09-05,TSLA,-1.0,230.1699981689453,229.80999755859375,-0.0015640640101466275,1
2024-09-09,AAPL,1.0,219.67369079589844,215.10939025878906,-0.020777638508154915,1
2024-09-10,AAPL,1.0,218.878173828125,215.57672119140625,-0.015083516912523354,1
2024-09-10,GOOGL,1.0,147.91053771972656,158.5167999267578,0.07170727907925598,1
2024-09-10,META,1.0,502.3184814453125,534.2032470703125,0.06347519910726458,1
2024-09-10,TSLA,1.0,226.1699981689453,227.8699951171875,0.007516456479662335,1
2024-09-12,AMZN,1.0,187.0,189.8699951171875,0.01534756747159091,1
2024-09-13,TSLA,1.0,230.2899932861328,238.25,0.03456514371415594,1
2024-09-16,AAPL,1.0,215.10939025878906,225.20257568359375,0.04692117537343209,1
2024-09-16,GOOGL,1.0,157.2631378173828,161.0340576171875,0.02397840874943979,1
2024-09-17,MSFT,1.0,431.1005554199219,425.17626953125,-0.013742236733843243,1
2024-09-19,AAPL,1.0,227.58914184570312,226.24671936035156,-0.005898446975390744,1
2024-09-19,AMZN,1.0,189.8699951171875,191.16000366210938,0.006794167472989524,1
2024-09-20,AMZN,1.0,191.60000610351562,187.97000122070312,-0.018945745131403176,1
2024-09-23,AMZN,1.0,193.8800048828125,186.3300018310547,-0.03894162812880722,1
2024-09-23,META,1.0,562.1823120117188,570.1806640625,0.014227327825665428,1
2024-09-24,AAPL,1.0,226.09751892089844,224.9440460205078,-0.005101661026161788,1
2024-09-25,GOOGL,1.0,160.6758575439453,165.02383422851562,0.02706054755849757,1
2024-09-25,TSLA,1.0,257.0199890136719,249.02000427246094,-0.031125924376198568,1
2024-09-26,GOOGL,1.0,161.9095916748047,165.02383422851562,0.019234453755932458,1
2024-09-26,META,1.0,565.5988159179688,580.4699096679688,0.026292653611489913,1
2024-09-26,TSLA,-1.0,254.22000122070312,240.66000366210938,-0.05333961723500084,1
2024-09-30,AMZN,1.0,186.3300018310547,180.8000030517578,-0.02967852050101369,1
2024-09-30,GOOGL,1.0,165.01388549804688,162.15834045410156,-0.017304877315788742,1
2024-09-30,META,1.0,570.1806640625,582.4719848632812,0.021556888150514247,1
2024-10-01,AAPL,-1.0,224.9440460205078,224.50650024414062,-0.0019451316187639707,1
2024-10-01,META,1.0,574.1947631835938,590.5499267578125,0.028483651581108778,1
2024-10-03,AAPL,1.0,224.4070587158203,227.75819396972656,0.014933288075175867,1
2024-10-03,AMZN,1.0,181.9600067138672,186.64999389648438,0.025774824189758416,1
2024-10-03,TSLA,-1.0,240.66000366210938,238.77000427246094,-0.007853400485699435,1
2024-10-04,AMZN,1.0,186.50999450683594,188.82000732421875,0.012385463972002563,1
2024-10-07,META,1.0,582.4719848632812,588.0896606445312,0.009644542445365145,1
2024-10-08,MSFT,1.0,410.85076904296875,414.84326171875,0.009717622496073984,1
2024-10-08,NVDA,1.0,132.84449768066406,131.55496215820312,-0.009707105261979048,1
2024-10-09,AMZN,1.0,185.1699981689453,186.88999938964844,0.009288768362647123,1
2024-10-09,GOOGL,1.0,161.0439910888672,164.32736206054688,0.020388037762103524,1
2024-10-09,META,1.0,588.1792602539062,574.5134887695312,-0.023234024740137447,1
2024-10-10,AMZN,1.0,186.64999389648438,187.52999877929688,0.004714732984671559,1
2024-10-10,META,1.0,581.5256958007812,574.6529541015625,-0.011818466060652306,1
2024-10-10,MSFT,1.0,411.9702453613281,412.84210205078125,0.002116309853126511,1
2024-10-10,NVDA,1.0,134.76385498046875,136.88311767578125,0.015725750021173285,1
2024-10-11,AMZN,1.0,188.82000732421875,188.99000549316406,0.000900318622768679,1
2024-10-11,META,1.0,587.6215209960938,574.1947631835938,-0.022849329598650377,1
2024-10-11,TSLA,-1.0,217.8000030517578,220.6999969482422,0.013314939650369164,1
2024-10-14,META,1.0,588.0896606445312,572.8899536132812,-0.025845900801234133,1
2024-10-15,AMZN,1.0,187.69000244140625,189.6999969482422,0.010709118656777816,1
2024-10-15,GOOGL,1.0,164.6258544921875,164.3074493408203,-0.0019341138872102119,1
2024-10-16,GOOGL,1.0,164.32736206054688,161.9593505859375,-0.01441032975224707,1
2024-10-16,META,1.0,574.5134887695312,561.4651489257812,-0.022711981700719305,1
2024-10-17,META,1.0,574.6529541015625,565.5390625,-0.015859818585308685,1
2024-10-17,NVDA,1.0,136.88311767578125,140.3619384765625,0.025414535114703617,1
2024-10-17,TSLA,-1.0,220.88999938964844,260.4800109863281,0.17922953373205086,1
2024-10-18,MSFT,1.0,414.2687072753906,424.16571044921875,0.023890298736102607,1
2024-10-22,META,1.0,579.7129516601562,590.9384765625,0.01936393670384039,1
2024-10-23,MSFT,1.0,420.6487731933594,428.50494384765625,0.01867631895050276,1
2024-10-24,AMZN,1.0,186.3800048828125,186.39999389648438,0.00010724870237257053,1
2024-10-24,GOOGL,1.0,161.899658203125,170.2473602294922,0.051560961394333936,1
2024-10-24,TSLA,-1.0,260.4800109863281,249.85000610351562,-0.04080929220849288,1
2024-10-25,AAPL,-1.0,230.1149444580078,221.66249084472656,-0.03673144146804287,1
2024-10-25,META,1.0,570.9874267578125,564.9214477539062,-0.01062366475974815,1
2024-10-25,TSLA,1.0,269.19000244140625,248.97999572753906,-0.07507710736124473,1
2024-10-28,AMZN,1.0,188.38999938964844,195.77999877929688,0.03922713208551823,1
2024-10-28,TSLA,1.0,262.510009765625,242.83999633789062,-0.07493052720273874,1
2024-10-29,TSLA,1.0,259.5199890136719,251.44000244140625,-0.031134351550238238,1
2024-10-30,GOOGL,1.0,173.58047485351562,175.62013244628906,0.011750501284748197,1
2024-10-31,META,1.0,565.33984375,589.3646850585938,0.04249628179261644,1
2024-10-31,MSFT,1.0,402.568603515625,421.4710388183594,0.04695456907880972,1
2024-11-01,AAPL,1.0,221.66249084472656,225.93814086914062,0.01928901009873219,1
2024-11-01,AMZN,1.0,197.92999267578125,208.17999267578125,0.051785986860465295,1
2024-11-04,AAPL,1.0,220.76751708984375,223.22042846679688,0.011110834643100533,1
2024-11-04,AMZN,1.0,195.77999877929688,206.83999633789062,0.0564919686768499,1
2024-11-05,MSFT,1.0,407.6310119628906,419.0933532714844,0.02811940449132767,1
2024-11-06,AMZN,1.0,207.08999633789062,214.10000610351562,0.033850064655887004,1
2024-11-11,NVDA,1.0,145.21026611328125,140.1020050048828,-0.03517837440235381,1
2024-11-11,TSLA,1.0,350.0,338.739990234375,-0.03217145647321429,1
2024-11-12,META,1.0,582.5117797851562,558.87548828125,-0.040576503899412746,1
2024-11-12,NVDA,1.0,148.2392120361328,146.9596710205078,-0.00863159617519497,1
2024-11-13,NVDA,1.0,146.21994018554688,145.84005737304688,-0.002598023306656704,1
2024-11-14,AMZN,1.0,211.47999572753906,198.3800048828125,-0.06194434986467457,1
2024-11-14,NVDA,1.0,146.7097625732422,146.6197967529297,-0.0006132231334474841,1
2024-11-18,TSLA,1.0,338.739990234375,338.5899963378906,-0.0004427994946229817,1
2024-11-19,NVDA,1.0,146.9596710205078,136.87313842773438,-0.06863469768767984,1
2024-11-20,NVDA,1.0,145.84005737304688,135.2936553955078,-0.0723148507173323,1
2024-11-21,NVDA,1.0,146.6197967529297,138.2026824951172,-0.057407761054233716,1
2024-11-25,AAPL,1.0,231.82151794433594,241.55747985839844,0.04199766268634416,1
2024-11-25,META,1.0,562.8795776367188,611.2279663085938,0.08589472880659199,1
2024-11-25,TSLA,-1.0,338.5899963378906,351.4200134277344,0.03789248716326585,1
2024-11-29,AAPL,1.0,236.26144409179688,241.7466278076172,0.023216584224758665,1
2024-12-02,TSLA,1.0,357.0899963378906,389.7900085449219,0.09157358800969992,1
2024-12-03,AMZN,1.0,213.44000244140625,225.0399932861328,0.05434778257140904,1
2024-12-03,INTC,-1.0,22.469999313354492,20.15999984741211,-0.10280371769168196,1
2024-12-04,AMZN,1.0,218.16000366210938,230.25999450683594,0.05546383682440376,1
2024-12-09,AMZN,1.0,226.08999633789062,232.92999267578125,0.03025342318847348,1
2024-12-09,TSLA,1.0,389.7900085449219,463.0199890136719,0.1878703375238273,1
2024-12-10,AAPL,1.0,246.65444946289062,252.33872985839844,0.023045521408131004,1
2024-12-10,AMZN,1.0,225.0399932861328,231.14999389648438,0.02715073228154094,1
2024-12-10,GOOGL,1.0,184.44761657714844,194.65762329101562,0.05535450608328503,1
2024-12-10,META,1.0,616.8756713867188,617.4928588867188,0.0010005054966952746,1
2024-12-10,TSLA,1.0,400.989990234375,479.8599853515625,0.1966881893263438,1
2024-12-12,AMZN,1.0,228.97000122070312,223.2899932861328,-0.024806777762539204,1
2024-12-13,AAPL,1.0,247.0128173828125,253.3441925048828,0.02563176757041782,1
2024-12-13,AMZN,1.0,227.4600067138672,224.9199981689453,-0.011166835795081433,1
2024-12-13,MSFT,1.0,443.9947204589844,433.40289306640625,-0.02385575076574944,1
2024-12-16,AMZN,1.0,232.92999267578125,225.05999755859375,-0.03378695472738826,1
2024-12-16,NVDA,1.0,131.96388244628906,139.6317901611328,0.058106108828411315,1
2024-12-16,TSLA,1.0,463.0199890136719,430.6000061035156,-0.07001853846357153,1
2024-12-17,META,1.0,617.4928588867188,605.8395385742188,-0.01887199203163229,1
2024-12-17,TSLA,1.0,479.8599853515625,462.2799987792969,-0.03663565854399362,1
2024-12-18,AMZN,1.0,220.52000427246094,227.0500030517578,0.029611820482412156,1
2024-12-18,GOOGL,1.0,187.66500854492188,194.83694458007812,0.03821669308926861,1
2024-12-18,META,1.0,595.312744140625,601.453369140625,0.0103149563997062,1
2024-12-18,MSFT,1.0,434.1871032714844,434.9018249511719,0.0016461144845212172,1
2024-12-18,TSLA,1.0,440.1300048828125,454.1300048828125,0.03180878341554467,1
2024-12-19,AMZN,1.0,223.2899932861328,223.75,0.00206013134353816,1
2024-12-19,META,1.0,593.6978759765625,597.924560546875,0.007119251628381028,1
2024-12-19,TSLA,-1.0,436.1700134277344,431.6600036621094,-0.010340027115074082,1
2024-12-20,AMZN,1.0,224.9199981689453,221.3000030517578,-0.01609458983930986,1
2024-12-20,GOOGL,1.0,190.6632843017578,190.49395751953125,-0.0008880932836474872,1
2024-12-20,META,1.0,583.4102783203125,589.3814086914062,0.010234873455238292,1
2024-12-20,NVDA,1.0,134.6631622314453,137.452392578125,0.0207126455406256,1
2024-12-23,GOOGL,1.0,193.8707275390625,188.5615234375,-0.027385279711671595,1
2024-12-26,AAPL,1.0,257.853759765625,242.26429748535156,-0.060458541672781536,1
2025-01-02,TSLA,1.0,379.2799987792969,394.739990234375,0.04076142033546646,1
2025-01-03,AAPL,1.0,242.26429748535156,233.34463500976562,-0.03681789916289775,1
2025-01-03,GOOGL,1.0,191.04177856445312,190.2648468017578,-0.004066816005029986,1
2025-01-03,META,1.0,602.7293701171875,606.4177856445312,0.006119521812296319,1
2025-01-03,TSLA,-1.0,410.44000244140625,403.30999755859375,-0.017371613001660013,1
2025-01-06,AMZN,1.0,227.61000061035156,217.75999450683594,-0.043275805443970694,1
2025-01-06,GOOGL,1.0,196.10198974609375,188.9200897216797,-0.03662328992027539,1
2025-01-06,META,1.0,628.218994140625,592.3820190429688,-0.05704535429827237,1
2025-01-06,MSFT,1.0,424.7169494628906,412.6261901855469,-0.028467804952531504,1
2025-01-06,TSLA,1.0,411.04998779296875,396.3599853515625,-0.03573775180065224,1
2025-01-07,NVDA,1.0,140.10166931152344,136.2027587890625,-0.027829151084499248,1
2025-01-10,AMZN,1.0,218.94000244140625,225.94000244140625,0.03197222947813465,1
2025-01-10,GOOGL,1.0,191.29080200195312,195.23538208007812,0.020620855978661874,1
2025-01-10,META,1.0,613.9240112304688,610.8438110351562,-0.005017233629841177,1
2025-01-13,AMZN,1.0,218.4600067138672,230.7100067138672,0.056074336828363776,1
2025-01-13,GOOGL,1.0,190.2648468017578,197.27737426757812,0.03685666366486952,1
2025-01-13,META,1.0,606.4177856445312,614.522216796875,0.013364435120797049,1
2025-01-13,TSLA,1.0,403.30999755859375,424.07000732421875,0.05147407674318547,1
2025-01-14,META,1.0,592.3820190429688,621.5401000976562,0.0492217523782951,1
2025-01-17,GOOGL,1.0,195.23538208007812,191.06173706054688,-0.021377503273558168,1
2025-01-17,NVDA,1.0,137.67234802246094,118.38761901855469,-0.1400769964405633,1
2025-01-21,AAPL,1.0,221.63758850097656,237.187255859375,0.07015807861638922,1
2025-01-21,AMZN,1.0,230.7100067138672,238.14999389648438,0.0322482205630745,1
2025-01-21,META,1.0,614.522216796875,672.2103271484375,0.0938747351597067,1
2025-01-21,TSLA,1.0,424.07000732421875,398.0899963378906,-0.06126349550220691,1
2025-01-22,AAPL,-1.0,222.8222198486328,238.2823028564453,0.0693830400680633,1
2025-01-22,AMZN,1.0,235.00999450683594,237.07000732421875,0.008765639187838419,1
2025-01-22,META,1.0,621.5401000976562,674.363525390625,0.08498796020509239,1
2025-01-22,MSFT,1.0,442.9325866699219,439.0909118652344,-0.008673272006402088,1
2025-01-22,TSLA,1.0,415.1099853515625,389.1000061035156,-0.06265804284620775,1
2025-01-23,AAPL,1.0,222.6529998779297,236.520263671875,0.06228195354002906,1
2025-01-23,META,1.0,634.4493408203125,684.8405151367188,0.07942505583070333,1
2025-01-24,AAPL,1.0,221.77696228027344,234.93743896484375,0.05934104493657278,1
2025-01-24,AMZN,1.0,234.85000610351562,237.67999267578125,0.012050187348167419,1
2025-01-27,AAPL,1.0,228.82508850097656,226.98341369628906,-0.00804839546551575,1
2025-01-27,GOOGL,1.0,191.06173706054688,200.44496154785156,0.049110955608716006,1
2025-01-27,META,-1.0,657.8057250976562,695.2676391601562,0.0569498145625572,1
2025-01-27,NVDA,1.0,118.38761901855469,116.62810516357422,-0.014862313049008133,1
2025-01-28,META,1.0,672.2103271484375,701.9764404296875,0.04428095207569914,1
2025-01-28,NVDA,1.0,128.95472717285156,118.6175537109375,-0.08016126037828813,1
2025-01-29,META,1.0,674.363525390625,702.6543579101562,0.041951901985125585,1
2025-01-29,MSFT,1.0,439.0909118652344,410.26361083984375,-0.06565223794528977,1
2025-01-30,AAPL,1.0,236.520263671875,232.16995239257812,-0.018392974926377006,1
2025-01-30,AMZN,1.0,234.63999938964844,238.8300018310547,0.017857153308495532,1
2025-01-30,GOOGL,1.0,200.0863800048828,190.85255432128906,-0.04614919657883966,1
2025-01-30,META,1.0,684.8405151367188,709.7518920898438,0.03637544275275798,1
2025-01-30,MSFT,1.0,411.95111083984375,412.7750244140625,0.002000027557976575,1
2025-01-30,TSLA,1.0,400.2799987792969,374.32000732421875,-0.06485458062917536,1
2025-01-31,AAPL,1.0,234.93743896484375,226.60513305664062,-0.03546606256080785,1
2025-01-31,AMZN,1.0,237.67999267578125,229.14999389648438,-0.035888585670450716,1
2025-02-05,GOOGL,1.0,190.58360290527344,182.89370727539062,-0.040349198528400965,1
2025-02-06,AMZN,1.0,238.8300018310547,230.3699951171875,-0.03542271343217461,1
2025-02-07,AMZN,1.0,229.14999389648438,228.67999267578125,-0.0020510636405054504,1
2025-02-10,TSLA,1.0,350.7300109863281,354.1099853515625,0.009636969347815891,1
2025-02-12,TSLA,-1.0,336.510009765625,354.3999938964844,0.05316330454276687,1
2025-02-20,NVDA,1.0,140.07168579101562,120.11714172363281,-0.14245951246103103,1
2025-02-27,NVDA,1.0,120.11714172363281,110.53976440429688,-0.079733643191175,1
2025-03-03,AAPL,1.0,237.21881103515625,226.70477294921875,-0.04432210936416548,1
2025-03-03,TSLA,1.0,284.6499938964844,222.14999389648438,-0.21956789509972274,1
2025-03-06,TSLA,1.0,263.45001220703125,240.67999267578125,-0.08643013276217373,1
2025-03-07,MSFT,1.0,391.2127380371094,386.4880676269531,-0.012076985104989297,1
2025-03-10,TSLA,-1.0,222.14999389648438,238.00999450683594,0.0713932074998925,1
2025-03-11,TSLA,1.0,230.5800018310547,225.30999755859375,-0.02285542644900426,1
2025-03-12,AAPL,1.0,216.2405548095703,214.50648498535156,-0.008019170251139237,1
2025-03-12,TSLA,-1.0,248.08999633789062,235.86000061035156,-0.04929660973061647,1
2025-03-13,MSFT,1.0,376.7502746582031,384.7772521972656,0.021305830623069264,1
2025-03-14,AAPL,1.0,212.76246643066406,217.5261688232422,0.022389768611422545,1
2025-03-14,NVDA,1.0,121.64791870117188,117.67863464355469,-0.03262928046773849,1
2025-03-14,TSLA,-1.0,249.97999572753906,248.7100067138672,-0.005080362570515744,1
2025-03-17,TSLA,1.0,238.00999450683594,278.3900146484375,0.16965682565251183,1
2025-03-18,AAPL,1.0,211.96517944335938,222.9875030517578,0.05200063348774597,1
2025-03-18,GOOGL,1.0,160.22750854492188,170.0902862548828,0.06155483412010852,1
2025-03-18,META,1.0,581.0458374023438,624.896728515625,0.07546890157465634,1
2025-03-19,GOOGL,1.0,163.43865966796875,164.6054229736328,0.007138845289323727,1
2025-03-19,NVDA,1.0,117.49867248535156,113.7393569946289,-0.03199453586329944,1
2025-03-19,TSLA,1.0,235.86000061035156,272.05999755859375,0.15348086515121218,1
2025-03-20,AMZN,1.0,194.9499969482422,201.36000061035156,0.03288024499847099,1
2025-03-20,MSFT,1.0,384.7772521972656,388.4972839355469,0.009668013680741406,1
2025-03-20,NVDA,1.0,118.50848388671875,111.40978240966797,-0.059900365309173725,1
2025-03-20,TSLA,1.0,236.25999450683594,273.1300048828125,0.15605693402701645,1
2025-03-27,GOOGL,1.0,161.79319763183594,150.304931640625,-0.07100586526111403,1
2025-03-27,TSLA,-1.0,273.1300048828125,267.2799987792969,-0.021418394167369466,1
2025-03-28,META,1.0,575.4385986328125,503.5910949707031,-0.12485694187496672,1
2025-03-28,TSLA,1.0,263.54998779296875,239.42999267578125,-0.09151962145464003,1
2025-03-31,AMZN,1.0,190.25999450683594,175.25999450683594,-0.07883948508923697,1
2025-03-31,GOOGL,1.0,154.21412658691406,146.34584045410156,-0.05102182469890647,1
2025-03-31,META,1.0,575.0594482421875,515.0850219726562,-0.10429256740821845,1
2025-03-31,MSFT,1.0,373.3883056640625,355.9517822265625,-0.04669809732388256,1
2025-03-31,TSLA,1.0,259.1600036621094,233.2899932861328,-0.09982254209914916,1
2025-04-01,AMZN,1.0,192.1699981689453,170.66000366210938,-0.11193211589628851,1
2025-04-01,TSLA,-1.0,268.4599914550781,221.86000061035156,-0.17358262805623392,1
2025-04-02,META,1.0,582.6123046875,584.4481811523438,0.0031511117257100713,1
2025-04-02,TSLA,1.0,282.760009765625,272.20001220703125,-0.037346149363011956,1
2025-04-03,AAPL,1.0,202.49755859375,189.77108764648438,-0.06284752782031033,1
2025-04-03,TSLA,1.0,267.2799987792969,252.39999389648438,-0.05567197302742986,1
2025-04-04,AAPL,1.0,187.738037109375,197.47471618652344,0.051863113235150686,1
2025-04-04,TSLA,1.0,239.42999267578125,252.30999755859375,0.05379445047326911,1
2025-04-07,MSFT,1.0,355.9517822265625,385.7420654296875,0.08369190629354274,1
2025-04-08,AAPL,1.0,171.83241271972656,201.45114135742188,0.17236985833403856,1
2025-04-08,AMZN,1.0,170.66000366210938,179.58999633789062,0.05232621870477507,1
2025-04-08,GOOGL,1.0,144.30149841308594,155.87953186035156,0.08023501886391829,1
2025-04-08,META,1.0,509.29815673828125,520.3432006835938,0.0216867934807554,1
2025-04-09,AMZN,1.0,191.10000610351562,174.3300018310547,-0.08775512159521812,1
2025-04-09,GOOGL,1.0,158.27291870117188,152.90773010253906,-0.03389833613141733,1
2025-04-09,META,1.0,584.4481811523438,501.176513671875,-0.1424791284597444,1
2025-04-09,NVDA,1.0,114.30924987792969,104.47103881835938,-0.08606662251809448,1
2025-04-10,AMZN,1.0,181.22000122070312,172.61000061035156,-0.04751131526517135,1
2025-04-10,GOOGL,1.0,152.39913940429688,150.74371337890625,-0.010862436834364109,1
2025-04-10,META,1.0,545.0572509765625,500.3484191894531,-0.08202593710478288,1
2025-04-10,MSFT,1.0,379.3164978027344,365.81884765625,-0.03558413679518865,1
2025-04-10,TSLA,1.0,252.39999389648438,241.3699951171875,-0.04370047165619408,1
2025-04-11,META,1.0,542.3433837890625,483.56634521484375,-0.10837605902661722,1
2025-04-11,NVDA,1.0,110.90986633300781,96.89241790771484,-0.12638594643334491,1
2025-04-14,AAPL,1.0,201.82984924316406,199.059326171875,-0.013727023439189828,1
2025-04-14,AMZN,1.0,182.1199951171875,173.17999267578125,-0.04908852778989857,1
2025-04-14,META,1.0,530.2807006835938,499.1510925292969,-0.05870401867193578,1
2025-04-14,MSFT,1.0,385.7420654296875,364.864013671875,-0.05412438421657728,1
2025-04-15,META,1.0,520.3432006835938,519.0960693359375,-0.002396747658118427,1
2025-04-15,MSFT,1.0,383.67315673828125,372.3936462402344,-0.02939874812701864,1
2025-04-16,AMZN,1.0,174.3300018310547,186.5399932861328,0.07003953035525678,1
2025-04-16,GOOGL,1.0,152.90773010253906,158.84133911132812,0.038805160503069515,1
2025-04-16,META,1.0,501.176513671875,531.9469604492188,0.061396426085300264,1
2025-04-16,MSFT,1.0,369.62841796875,385.2347412109375,0.042221654189767754,1
2025-04-16,NVDA,1.0,104.47103881835938,106.41068267822266,0.018566330743926853,1
2025-04-16,TSLA,-1.0,241.5500030517578,259.510009765625,0.0743531628522432,1
2025-04-17,GOOGL,1.0,150.74371337890625,161.51397705078125,0.07144751466220745,1
2025-04-17,META,1.0,500.3484191894531,546.0350952148438,0.09130972393077895,1
2025-04-17,NVDA,1.0,101.47157287597656,110.98986053466797,0.09380250437553693,1
2025-04-21,AMZN,1.0,167.32000732421875,187.6999969482422,0.12180246672194314,1
2025-04-21,MSFT,1.0,357.205078125,389.0741882324219,0.08921796485846606,1
2025-04-22,AMZN,1.0,173.17999267578125,187.38999938964844,0.08205339712925405,1
2025-04-22,NVDA,1.0,98.8720474243164,109.00021362304688,0.10243710393964763,1
2025-04-23,AAPL,1.0,203.90277099609375,211.7758331298828,0.038611844730348906,1
2025-04-23,AMZN,1.0,180.60000610351562,184.4199981689453,0.02115167185121887,1
2025-04-23,GOOGL,1.0,154.92218017578125,158.3626708984375,0.022207864095073564,1
2025-04-23,META,1.0,519.0960693359375,547.7611694335938,0.0552211850386896,1
2025-04-23,MSFT,1.0,372.3936462402344,393.15234375,0.05574396265712334,1
2025-04-23,TSLA,1.0,250.74000549316406,282.1600036621094,0.12530907506022973,1
2025-04-24,MSFT,1.0,385.2347412109375,423.1316223144531,0.09837347738781682,1
2025-04-24,TSLA,1.0,259.510009765625,280.5199890136719,0.08096018826796669,1
2025-04-25,GOOGL,1.0,161.51397705078125,163.57827758789062,0.012780940540274994,1
2025-04-25,INTC,-1.0,20.049999237060547,20.6200008392334,0.028429008671444583,1
2025-04-25,NVDA,1.0,110.98986053466797,114.4792251586914,0.03143858913971268,1
2025-04-28,AMZN,1.0,187.6999969482422,186.35000610351562,-0.007192279524111123,1
2025-04-28,META,1.0,548.49951171875,597.917724609375,0.09009709550291232,1
2025-04-29,AAPL,1.0,210.49021911621094,197.83349609375,-0.06012974415439799,1
2025-04-30,AAPL,-1.0,211.7758331298828,195.58120727539062,-0.07647060391711442,1
2025-04-30,GOOGL,1.0,158.3626708984375,150.96311950683594,-0.04672535105414524,1
2025-04-30,INTC,-1.0,20.100000381469727,20.309999465942383,0.01044771544712284,1
2025-04-30,META,1.0,547.7611694335938,595.4632568359375,0.08708555856865421,1
2025-05-01,AAPL,1.0,212.59304809570312,196.81698608398438,-0.07420779819957628,1
2025-05-01,AMZN,1.0,190.1999969482422,192.0800018310547,0.009884358112393098,1
2025-05-01,META,1.0,570.9188232421875,596.6605834960938,0.04508830188453329,1
2025-05-01,MSFT,1.0,423.1316223144531,435.8335876464844,0.03001894602571608,1
2025-05-01,TSLA,1.0,280.5199890136719,284.82000732421875,0.015328741191192983,1
2025-05-02,AAPL,1.0,204.65020751953125,197.8534393310547,-0.03321163594631536,1
2025-05-02,AMZN,1.0,189.97999572753906,193.05999755859375,0.016212242869359204,1
2025-05-02,META,1.0,595.6727905273438,591.153076171875,-0.007587578998643681,1
2025-05-05,AMZN,1.0,186.35000610351562,208.63999938964844,0.11961359031966405,1
2025-05-08,GOOGL,1.0,153.85513305664062,163.5084686279297,0.06274301922533361,1
2025-05-12,NVDA,1.0,122.9776840209961,135.54539489746094,0.1021950525130978,1
2025-05-14,NVDA,1.0,135.3154296875,131.7760772705078,-0.02615631066734987,1
2025-05-15,MSFT,1.0,451.54119873046875,453.26513671875,0.0038178974435293836,1
2025-05-16,AAPL,1.0,210.81614685058594,194.85975646972656,-0.07568865392539559,1
2025-05-16,META,1.0,638.8950805664062,625.6449584960938,-0.020739120511877682,1
2025-05-16,NVDA,1.0,135.37542724609375,131.26617431640625,-0.03035449647902088,1
2025-05-16,TSLA,1.0,349.9800109863281,339.3399963378906,-0.030401778142846992,1
2025-05-22,MSFT,1.0,453.26513671875,458.7458190917969,0.012091559506919735,1
2025-05-22,NVDA,1.0,132.80589294433594,135.10548400878906,0.01731542940957426,1
2025-05-23,MSFT,1.0,448.6015625,460.3502197265625,0.026189514724578117,1
2025-05-23,TSLA,1.0,339.3399963378906,342.69000244140625,0.009872122766748448,1
2025-05-29,NVDA,1.0,139.1647491455078,139.964599609375,0.005747507675459396,1
2025-06-02,AMZN,1.0,206.64999389648438,216.97999572753906,0.04998791258725716,1
2025-06-04,AMZN,1.0,207.22999572753906,213.1999969482422,0.02880857667223203,1
2025-06-04,META,1.0,686.3976440429688,692.5736694335938,0.008997736871949954,1
2025-06-05,AAPL,1.0,200.20849609375,198.78147888183594,-0.007127655617800779,1
2025-06-09,TSLA,1.0,308.5799865722656,329.1300048828125,0.06659543458672851,1
2025-06-10,AAPL,1.0,202.2441864013672,195.2289581298828,-0.03468692176675073,1
2025-06-11,META,1.0,692.5736694335938,694.734130859375,0.003119468038032887,1
2025-06-11,MSFT,1.0,470.9628601074219,478.5561218261719,0.016122846113636336,1
2025-06-11,TSLA,1.0,326.42999267578125,322.04998779296875,-0.013417899644910494,1
2025-06-12,META,1.0,691.79541015625,681.3340454101562,-0.015122049947875384,1
2025-06-13,MSFT,1.0,473.2946472167969,484.2959289550781,0.023244044281874193,1
2025-06-16,META,1.0,701.0746459960938,711.1396484375,0.014356534641337366,1
2025-06-16,NVDA,1.0,144.6737823486328,147.88340759277344,0.022185258393301117,1
2025-06-17,NVDA,1.0,144.1038360595703,154.29270935058594,0.07070508023675165,1
2025-06-18,META,1.0,694.734130859375,725.0089721679688,0.04357759315947851,1
2025-06-20,TSLA,1.0,322.1600036621094,323.6300048828125,0.004562953824165288,1
2025-06-23,TSLA,-1.0,348.67999267578125,317.6600036621094,-0.08896406351171314,1
2025-06-24,GOOGL,1.0,166.51206970214844,175.56802368164062,0.0543861714991063,1
2025-06-25,MSFT,1.0,490.5439453125,489.36810302734375,-0.0023970172221923604,1
2025-06-25,NVDA,1.0,154.29270935058594,157.2323760986328,0.019052531778201685,1
2025-06-26,AAPL,1.0,200.57769775390625,213.10134887695312,0.06243790442949671,1
2025-06-26,META,1.0,725.0089721679688,717.9395141601562,-0.00975085589171807,1
2025-06-26,MSFT,1.0,495.705810546875,497.0909423828125,0.00279426185141826,1
2025-06-27,GOOGL,1.0,178.25387573242188,176.5165557861328,-0.00974632354640617,1
2025-06-27,META,1.0,732.5377197265625,717.2804565429688,-0.020827955711671602,1
2025-06-30,TSLA,1.0,317.6600036621094,297.80999755859375,-0.062488213418991856,1
2025-07-01,TSLA,1.0,300.7099914550781,295.8800048828125,-0.016061942434616967,1
2025-07-02,AMZN,1.0,219.9199981689453,222.25999450683594,0.010640216248515109,1
2025-07-02,GOOGL,1.0,178.3636932373047,177.34527587890625,-0.005709779495558438,1
2025-07-03,NVDA,1.0,159.3221435546875,164.90151977539062,0.035019464942034235,1
2025-07-07,NVDA,1.0,158.22227478027344,164.05162048339844,0.036842762570695776,1
2025-07-08,GOOGL,1.0,174.09031677246094,181.718505859375,0.043817423210759265,1
2025-07-08,TSLA,1.0,297.80999755859375,310.7799987792969,0.04355126196913955,1
2025-07-09,AAPL,1.0,210.69639587402344,209.71847534179688,-0.004641372853910927,1
2025-07-09,MSFT,1.0,501.74456787109375,503.8471374511719,0.004190517874462189,1
2025-07-10,AMZN,1.0,222.25999450683594,223.8800048828125,0.007288807774746601,1
2025-07-10,MSFT,1.0,499.7216796875,509.9058532714844,0.02037969133208915,1
2025-07-15,GOOGL,1.0,181.718505859375,191.04405212402344,0.051318638245161016,1
2025-07-15,META,1.0,709.3323974609375,703.7606201171875,-0.007854959626395513,1
2025-07-16,GOOGL,1.0,182.68701171875,189.93577575683594,0.03967859548354506,1
2025-07-16,META,1.0,701.8634033203125,712.517578125,0.015179840912470552,1
2025-07-16,MSFT,1.0,503.8471374511719,504.0962829589844,0.0004944863020813427,1
2025-07-16,NVDA,1.0,171.35079956054688,170.7608642578125,-0.003442851181595573,1
2025-07-17,GOOGL,1.0,183.29605102539062,191.87277221679688,0.04679163104402168,1
2025-07-17,META,1.0,700.3656616210938,713.7357788085938,0.01909019519396911,1
2025-07-18,GOOGL,1.0,184.7737579345703,192.88121032714844,0.04387772637848839,1
2025-07-18,MSFT,1.0,508.2616271972656,511.9088439941406,0.0071758649516530364,1
2025-07-21,META,1.0,711.908447265625,716.5615844726562,0.006536145518294554,1
2025-07-21,MSFT,1.0,508.2715759277344,510.7030334472656,0.0047837763012680305,1
2025-07-22,META,1.0,703.7606201171875,698.957763671875,-0.0068245598119894045,1
2025-07-23,META,1.0,712.517578125,694.1749267578125,-0.025743436976609677,1
2025-07-24,GOOGL,1.0,191.87277221679688,191.60317993164062,-0.0014050575391261763,1
2025-07-24,TSLA,1.0,305.29998779296875,308.2699890136719,0.00972814064675677,1
2025-07-25,MSFT,1.0,511.9088439941406,522.2723388671875,0.020244805290305742,1
2025-07-30,AAPL,1.0,208.6107940673828,212.80197143554688,0.02009089408293169,1
2025-07-30,AMZN,1.0,230.19000244140625,222.30999755859375,-0.03423261131776701,1
2025-07-30,NVDA,1.0,179.2499237060547,179.39988708496094,0.0008366161379916088,1
2025-07-31,META,1.0,772.2884521484375,760.6957397460938,-0.015010858145157888,1
2025-07-31,MSFT,1.0,531.62939453125,519.0138549804688,-0.02372995112865169,1
2025-08-04,TSLA,1.0,309.260009765625,339.0299987792969,0.09626200631705756,1
2025-08-07,AAPL,1.0,219.56771850585938,232.5545654296875,0.05914734193260544,1
2025-08-13,AMZN,1.0,224.55999755859375,223.80999755859375,-0.00333986466046476,1
2025-08-18,NVDA,1.0,181.98959350585938,179.78985595703125,-0.012087161174725641,1
2025-08-20,NVDA,1.0,175.38034057617188,181.57965087890625,0.03534780627274393,1
2025-08-21,GOOGL,1.0,199.4410400390625,211.31265258789062,0.05952442158596321,1
2025-08-22,NVDA,1.0,177.97006225585938,174.1604766845703,-0.02140576635755848,1
2025-08-25,AAPL,1.0,226.94000244140625,229.49752807617188,0.011269611382973143,1
2025-09-03,AAPL,1.0,238.2390594482422,226.5703582763672,-0.04897895919711706,1
2025-09-03,GOOGL,1.0,230.30323791503906,239.01365661621094,0.03782152079158013,1
2025-09-08,NVDA,1.0,168.2911376953125,177.74009704589844,0.056146505870636375,1
2025-09-09,AAPL,1.0,234.123046875,237.9193572998047,0.016215022294800242,1
2025-09-10,AAPL,1.0,226.5703582763672,238.75856018066406,0.05379433566252248,1
2025-09-11,NVDA,1.0,177.16014099121094,176.23019409179688,-0.005249188074761117,1
2025-09-15,TSLA,1.0,410.0400085449219,434.2099914550781,0.05894542582790018,1
